,年月日時,気温(℃),降水量(mm),現地気圧(hPa),相対湿度(％)
1,2015/4/1 1:00:00,14.5,0.0,1010.6,73.0
2,2015/4/1 2:00:00,15.1,0.0,1009.9,70.0
3,2015/4/1 3:00:00,14.3,0.0,1009.7,73.0
4,2015/4/1 4:00:00,12.6,0.0,1009.0,83.0
5,2015/4/1 5:00:00,13.7,0.0,1009.5,75.0
6,2015/4/1 6:00:00,13.6,0.0,1009.6,77.0
7,2015/4/1 7:00:00,14.1,0.0,1009.5,74.0
8,2015/4/1 8:00:00,14.4,0.0,1009.6,72.0
9,2015/4/1 9:00:00,15.6,0.0,1009.1,67.0
10,2015/4/1 10:00:00,16.7,0.0,1008.5,63.0
11,2015/4/1 11:00:00,17.6,0.0,1007.8,63.0
12,2015/4/1 12:00:00,17.9,0.0,1006.8,65.0
13,2015/4/1 13:00:00,17.9,0.0,1005.7,61.0
14,2015/4/1 14:00:00,17.1,0.0,1004.9,69.0
15,2015/4/1 15:00:00,16.7,0.0,1003.6,74.0
16,2015/4/1 16:00:00,17.6,0.0,1002.7,70.0
17,2015/4/1 17:00:00,13.9,0.0,1003.9,74.0
18,2015/4/1 18:00:00,11.9,0.0,1004.9,77.0
19,2015/4/1 19:00:00,10.9,0.0,1006.7,88.0
20,2015/4/1 20:00:00,10.5,0.5,1008.4,91.0
21,2015/4/1 21:00:00,10.2,0.0,1009.2,91.0
22,2015/4/1 22:00:00,9.7,1.0,1010.0,92.0
23,2015/4/1 23:00:00,9.1,0.0,1010.9,90.0
24,2015/4/2 00:00:00,8.9,0.0,1011.6,89.0
25,2015/4/2 1:00:00,8.3,0.0,1012.3,89.0
26,2015/4/2 2:00:00,8.0,0.0,1013.0,86.0
27,2015/4/2 3:00:00,7.7,0.0,1013.7,85.0
28,2015/4/2 4:00:00,7.4,0.0,1014.5,83.0
29,2015/4/2 5:00:00,7.1,0.0,1015.6,85.0
30,2015/4/2 6:00:00,7.1,0.0,1017.0,84.0
31,2015/4/2 7:00:00,8.5,0.0,1017.9,74.0
32,2015/4/2 8:00:00,9.5,0.0,1018.3,65.0
33,2015/4/2 9:00:00,11.2,0.0,1018.5,61.0
34,2015/4/2 10:00:00,13.2,0.0,1018.5,57.0
35,2015/4/2 11:00:00,12.8,0.0,1018.1,51.0
36,2015/4/2 12:00:00,14.6,0.0,1017.4,45.0
37,2015/4/2 13:00:00,15.4,0.0,1016.9,43.0
38,2015/4/2 14:00:00,14.8,0.0,1016.2,43.0
39,2015/4/2 15:00:00,15.7,0.0,1015.9,45.0
40,2015/4/2 16:00:00,14.8,0.0,1015.3,44.0
41,2015/4/2 17:00:00,13.9,0.0,1015.9,53.0
42,2015/4/2 18:00:00,13.1,0.0,1016.6,55.0
43,2015/4/2 19:00:00,12.8,0.0,1016.9,58.0
44,2015/4/2 20:00:00,12.7,0.0,1017.2,58.0
45,2015/4/2 21:00:00,12.4,0.0,1016.6,64.0
46,2015/4/2 22:00:00,13.0,0.0,1016.5,63.0
47,2015/4/2 23:00:00,12.6,0.0,1015.9,66.0
48,2015/4/3 00:00:00,12.7,0.0,1015.3,68.0
49,2015/4/3 1:00:00,12.3,0.0,1013.9,72.0
50,2015/4/3 2:00:00,12.5,0.0,1013.1,70.0
51,2015/4/3 3:00:00,13.0,0.0,1012.2,70.0
52,2015/4/3 4:00:00,13.7,0.0,1011.5,67.0
53,2015/4/3 5:00:00,13.8,0.0,1010.8,70.0
54,2015/4/3 6:00:00,14.0,0.0,1010.4,73.0
55,2015/4/3 7:00:00,14.3,0.0,1010.3,77.0
56,2015/4/3 8:00:00,15.0,0.0,1009.2,84.0
57,2015/4/3 9:00:00,15.9,0.0,1008.9,85.0
58,2015/4/3 10:00:00,17.1,0.0,1007.7,83.0
59,2015/4/3 11:00:00,19.0,0.0,1005.9,80.0
60,2015/4/3 12:00:00,18.3,0.0,1005.9,86.0
61,2015/4/3 13:00:00,18.6,0.0,1005.0,85.0
62,2015/4/3 14:00:00,18.9,0.0,1004.0,85.0
63,2015/4/3 15:00:00,19.9,0.0,1003.1,79.0
64,2015/4/3 16:00:00,20.1,0.0,1002.2,80.0
65,2015/4/3 17:00:00,19.7,0.0,1002.3,84.0
66,2015/4/3 18:00:00,19.9,0.0,1001.8,84.0
67,2015/4/3 19:00:00,20.0,0.0,1001.9,82.0
68,2015/4/3 20:00:00,20.2,0.0,1003.7,79.0
69,2015/4/3 21:00:00,19.9,0.0,1003.1,79.0
70,2015/4/3 22:00:00,19.5,0.0,1003.9,82.0
71,2015/4/3 23:00:00,19.7,0.0,1004.7,79.0
72,2015/4/4 00:00:00,19.0,0.0,1005.3,84.0
73,2015/4/4 1:00:00,18.6,0.0,1005.6,86.0
74,2015/4/4 2:00:00,17.2,0.0,1006.5,75.0
75,2015/4/4 3:00:00,16.7,0.0,1007.4,80.0
76,2015/4/4 4:00:00,18.0,0.0,1008.6,62.0
77,2015/4/4 5:00:00,17.5,0.0,1009.3,70.0
78,2015/4/4 6:00:00,15.7,0.0,1011.8,58.0
79,2015/4/4 7:00:00,12.9,0.0,1013.9,58.0
80,2015/4/4 8:00:00,12.6,0.0,1015.3,57.0
81,2015/4/4 9:00:00,12.2,0.0,1017.1,62.0
82,2015/4/4 10:00:00,11.5,0.0,1017.7,78.0
83,2015/4/4 11:00:00,12.4,0.0,1017.9,67.0
84,2015/4/4 12:00:00,12.4,0.0,1018.3,56.0
85,2015/4/4 13:00:00,12.3,0.0,1018.3,57.0
86,2015/4/4 14:00:00,13.2,0.0,1018.2,60.0
87,2015/4/4 15:00:00,13.2,0.0,1018.3,60.0
88,2015/4/4 16:00:00,12.6,0.0,1018.8,61.0
89,2015/4/4 17:00:00,12.5,0.0,1019.5,65.0
90,2015/4/4 18:00:00,11.3,0.0,1019.7,62.0
91,2015/4/4 19:00:00,11.1,0.0,1020.6,58.0
92,2015/4/4 20:00:00,10.7,0.0,1021.1,69.0
93,2015/4/4 21:00:00,10.6,0.0,1021.0,71.0
94,2015/4/4 22:00:00,10.3,0.0,1020.7,69.0
95,2015/4/4 23:00:00,10.1,0.0,1019.4,71.0
96,2015/4/5 00:00:00,10.1,0.0,1019.3,70.0
97,2015/4/5 1:00:00,10.1,0.0,1018.9,69.0
98,2015/4/5 2:00:00,10.1,0.0,1018.4,69.0
99,2015/4/5 3:00:00,10.1,0.0,1018.0,70.0
100,2015/4/5 4:00:00,10.1,0.0,1017.5,70.0
101,2015/4/5 5:00:00,9.1,1.0,1017.5,83.0
102,2015/4/5 6:00:00,8.9,0.5,1017.4,91.0
103,2015/4/5 7:00:00,8.9,1.0,1017.1,90.0
104,2015/4/5 8:00:00,9.1,0.5,1017.2,91.0
105,2015/4/5 9:00:00,9.5,0.0,1016.6,87.0
106,2015/4/5 10:00:00,9.8,0.5,1016.2,88.0
107,2015/4/5 11:00:00,10.0,0.5,1015.4,92.0
108,2015/4/5 12:00:00,10.1,1.0,1014.2,90.0
109,2015/4/5 13:00:00,10.8,1.0,1012.8,91.0
110,2015/4/5 14:00:00,10.5,0.5,1012.1,91.0
111,2015/4/5 15:00:00,10.7,1.0,1011.4,92.0
112,2015/4/5 16:00:00,10.8,0.5,1010.8,93.0
113,2015/4/5 17:00:00,10.7,0.0,1010.7,96.0
114,2015/4/5 18:00:00,10.9,0.0,1010.8,97.0
115,2015/4/5 19:00:00,10.9,0.0,1010.7,97.0
116,2015/4/5 20:00:00,11.1,0.0,1010.6,98.0
117,2015/4/5 21:00:00,11.3,0.0,1010.4,98.0
118,2015/4/5 22:00:00,11.3,0.0,1010.0,98.0
119,2015/4/5 23:00:00,11.3,0.0,1009.9,98.0
120,2015/4/6 00:00:00,11.2,0.0,1009.5,96.0
121,2015/4/6 1:00:00,11.3,0.0,1008.9,97.0
122,2015/4/6 2:00:00,11.4,0.0,1008.3,97.0
123,2015/4/6 3:00:00,11.3,0.0,1008.3,98.0
124,2015/4/6 4:00:00,11.4,0.0,1007.9,98.0
125,2015/4/6 5:00:00,11.3,0.0,1008.1,98.0
126,2015/4/6 6:00:00,11.6,0.0,1007.9,98.0
127,2015/4/6 7:00:00,12.0,0.0,1008.6,95.0
128,2015/4/6 8:00:00,14.1,0.0,1009.0,76.0
129,2015/4/6 9:00:00,16.4,0.0,1009.3,67.0
130,2015/4/6 10:00:00,17.5,0.0,1009.2,58.0
131,2015/4/6 11:00:00,19.0,0.0,1008.7,54.0
132,2015/4/6 12:00:00,20.9,0.0,1008.3,55.0
133,2015/4/6 13:00:00,21.1,0.0,1007.7,53.0
134,2015/4/6 14:00:00,21.8,0.0,1007.3,54.0
135,2015/4/6 15:00:00,21.7,0.0,1007.0,59.0
136,2015/4/6 16:00:00,22.2,0.0,1007.3,59.0
137,2015/4/6 17:00:00,20.8,0.0,1008.0,64.0
138,2015/4/6 18:00:00,20.4,0.0,1007.9,63.0
139,2015/4/6 19:00:00,19.0,0.0,1008.7,65.0
140,2015/4/6 20:00:00,17.5,0.0,1009.5,70.0
141,2015/4/6 21:00:00,15.6,0.0,1009.8,71.0
142,2015/4/6 22:00:00,14.7,0.0,1009.9,78.0
143,2015/4/6 23:00:00,13.8,0.0,1010.1,82.0
144,2015/4/7 00:00:00,13.0,0.0,1010.0,82.0
145,2015/4/7 1:00:00,12.3,0.0,1009.9,85.0
146,2015/4/7 2:00:00,12.0,0.0,1009.9,80.0
147,2015/4/7 3:00:00,10.8,0.5,1009.8,94.0
148,2015/4/7 4:00:00,10.8,1.0,1010.4,95.0
149,2015/4/7 5:00:00,10.9,0.0,1010.6,95.0
150,2015/4/7 6:00:00,11.0,0.5,1011.2,95.0
151,2015/4/7 7:00:00,10.5,0.0,1012.0,94.0
152,2015/4/7 8:00:00,10.1,0.0,1013.1,94.0
153,2015/4/7 9:00:00,10.1,0.5,1013.6,93.0
154,2015/4/7 10:00:00,10.5,0.0,1013.7,90.0
155,2015/4/7 11:00:00,10.9,0.0,1013.8,90.0
156,2015/4/7 12:00:00,10.6,0.5,1014.2,91.0
157,2015/4/7 13:00:00,11.0,0.5,1013.6,89.0
158,2015/4/7 14:00:00,10.5,0.0,1013.9,90.0
159,2015/4/7 15:00:00,10.4,0.0,1013.8,91.0
160,2015/4/7 16:00:00,10.7,0.0,1014.3,92.0
161,2015/4/7 17:00:00,10.0,0.0,1015.0,88.0
162,2015/4/7 18:00:00,9.8,0.0,1015.5,86.0
163,2015/4/7 19:00:00,9.2,0.5,1016.7,91.0
164,2015/4/7 20:00:00,8.4,0.0,1017.7,93.0
165,2015/4/7 21:00:00,8.1,0.0,1017.7,92.0
166,2015/4/7 22:00:00,7.5,0.0,1018.4,90.0
167,2015/4/7 23:00:00,7.3,0.5,1018.8,94.0
168,2015/4/8 00:00:00,7.0,0.0,1018.3,94.0
169,2015/4/8 1:00:00,7.1,0.0,1018.8,88.0
170,2015/4/8 2:00:00,7.3,0.0,1018.8,84.0
171,2015/4/8 3:00:00,6.7,0.5,1018.8,88.0
172,2015/4/8 4:00:00,6.0,1.0,1019.2,92.0
173,2015/4/8 5:00:00,5.3,1.5,1019.8,90.0
174,2015/4/8 6:00:00,4.2,3.0,1021.2,91.0
175,2015/4/8 7:00:00,3.2,3.5,1021.8,92.0
176,2015/4/8 8:00:00,2.8,3.0,1022.2,92.0
177,2015/4/8 9:00:00,2.9,2.0,1022.4,93.0
178,2015/4/8 10:00:00,2.8,1.5,1022.9,94.0
179,2015/4/8 11:00:00,3.0,0.5,1022.7,91.0
180,2015/4/8 12:00:00,3.0,1.5,1022.5,92.0
181,2015/4/8 13:00:00,3.4,0.5,1022.6,92.0
182,2015/4/8 14:00:00,3.5,0.5,1022.5,90.0
183,2015/4/8 15:00:00,3.4,0.5,1022.7,88.0
184,2015/4/8 16:00:00,3.6,0.0,1023.0,89.0
185,2015/4/8 17:00:00,3.6,0.5,1023.1,89.0
186,2015/4/8 18:00:00,3.7,0.0,1023.6,89.0
187,2015/4/8 19:00:00,3.8,0.0,1024.0,87.0
188,2015/4/8 20:00:00,3.8,0.0,1024.4,87.0
189,2015/4/8 21:00:00,3.8,0.0,1024.7,87.0
190,2015/4/8 22:00:00,4.0,0.0,1024.7,85.0
191,2015/4/8 23:00:00,4.0,0.0,1025.0,84.0
192,2015/4/9 00:00:00,4.1,0.0,1025.2,84.0
193,2015/4/9 1:00:00,4.1,0.0,1025.0,80.0
194,2015/4/9 2:00:00,3.9,0.0,1024.6,80.0
195,2015/4/9 3:00:00,3.9,0.0,1024.7,76.0
196,2015/4/9 4:00:00,4.0,0.0,1024.5,76.0
197,2015/4/9 5:00:00,4.0,0.0,1025.3,75.0
198,2015/4/9 6:00:00,4.1,0.0,1026.0,73.0
199,2015/4/9 7:00:00,5.2,0.0,1026.7,64.0
200,2015/4/9 8:00:00,6.2,0.0,1026.7,55.0
201,2015/4/9 9:00:00,7.7,0.0,1026.9,53.0
202,2015/4/9 10:00:00,8.6,0.0,1026.8,45.0
203,2015/4/9 11:00:00,9.5,0.0,1026.0,39.0
204,2015/4/9 12:00:00,9.8,0.0,1025.3,40.0
205,2015/4/9 13:00:00,10.1,0.0,1025.0,39.0
206,2015/4/9 14:00:00,12.2,0.0,1024.0,38.0
207,2015/4/9 15:00:00,12.0,0.0,1023.9,39.0
208,2015/4/9 16:00:00,11.1,0.0,1024.1,43.0
209,2015/4/9 17:00:00,10.5,0.0,1024.2,48.0
210,2015/4/9 18:00:00,9.7,0.0,1024.5,50.0
211,2015/4/9 19:00:00,8.7,0.0,1025.3,58.0
212,2015/4/9 20:00:00,7.5,0.0,1026.0,69.0
213,2015/4/9 21:00:00,6.8,0.0,1026.4,75.0
214,2015/4/9 22:00:00,6.0,0.0,1026.4,78.0
215,2015/4/9 23:00:00,5.7,0.0,1026.3,81.0
216,2015/4/10 00:00:00,6.0,0.0,1025.4,81.0
217,2015/4/10 1:00:00,5.8,0.0,1024.6,81.0
218,2015/4/10 2:00:00,5.9,0.0,1023.8,79.0
219,2015/4/10 3:00:00,6.2,0.0,1023.7,73.0
220,2015/4/10 4:00:00,6.3,0.0,1023.8,73.0
221,2015/4/10 5:00:00,5.6,0.0,1024.1,79.0
222,2015/4/10 6:00:00,6.0,0.0,1024.1,76.0
223,2015/4/10 7:00:00,7.0,0.0,1024.1,71.0
224,2015/4/10 8:00:00,7.8,0.0,1023.8,67.0
225,2015/4/10 9:00:00,8.3,0.0,1023.9,63.0
226,2015/4/10 10:00:00,8.7,0.0,1023.4,59.0
227,2015/4/10 11:00:00,9.7,0.0,1022.6,59.0
228,2015/4/10 12:00:00,9.9,0.0,1022.6,54.0
229,2015/4/10 13:00:00,10.8,0.0,1021.8,56.0
230,2015/4/10 14:00:00,11.3,0.0,1021.1,51.0
231,2015/4/10 15:00:00,11.4,0.0,1020.7,53.0
232,2015/4/10 16:00:00,10.9,0.0,1020.3,59.0
233,2015/4/10 17:00:00,8.8,0.5,1020.8,87.0
234,2015/4/10 18:00:00,8.1,2.0,1020.9,91.0
235,2015/4/10 19:00:00,8.0,2.0,1020.6,93.0
236,2015/4/10 20:00:00,8.1,1.0,1020.7,94.0
237,2015/4/10 21:00:00,8.3,1.0,1020.4,94.0
238,2015/4/10 22:00:00,8.3,0.5,1019.7,95.0
239,2015/4/10 23:00:00,8.4,1.5,1019.5,95.0
240,2015/4/11 00:00:00,8.4,1.0,1018.6,96.0
241,2015/4/11 1:00:00,8.5,0.5,1017.7,96.0
242,2015/4/11 2:00:00,8.8,0.5,1016.6,97.0
243,2015/4/11 3:00:00,8.8,2.0,1016.0,97.0
244,2015/4/11 4:00:00,8.8,0.5,1015.7,97.0
245,2015/4/11 5:00:00,8.9,0.5,1015.8,97.0
246,2015/4/11 6:00:00,9.1,1.0,1016.3,97.0
247,2015/4/11 7:00:00,9.4,1.0,1016.6,97.0
248,2015/4/11 8:00:00,9.9,0.5,1016.7,97.0
249,2015/4/11 9:00:00,10.4,0.0,1017.4,96.0
250,2015/4/11 10:00:00,11.4,0.5,1017.7,94.0
251,2015/4/11 11:00:00,11.9,0.0,1017.4,92.0
252,2015/4/11 12:00:00,13.1,0.5,1017.0,90.0
253,2015/4/11 13:00:00,14.0,0.0,1017.2,83.0
254,2015/4/11 14:00:00,14.9,0.0,1016.9,70.0
255,2015/4/11 15:00:00,15.9,0.0,1016.9,69.0
256,2015/4/11 16:00:00,15.2,0.0,1017.5,72.0
257,2015/4/11 17:00:00,14.2,0.0,1018.4,74.0
258,2015/4/11 18:00:00,13.1,0.0,1019.7,78.0
259,2015/4/11 19:00:00,12.5,0.0,1020.9,76.0
260,2015/4/11 20:00:00,11.9,0.0,1021.9,79.0
261,2015/4/11 21:00:00,11.8,0.0,1023.0,77.0
262,2015/4/11 22:00:00,11.9,0.0,1023.6,75.0
263,2015/4/11 23:00:00,11.5,0.0,1024.0,78.0
264,2015/4/12 00:00:00,10.8,0.0,1024.0,78.0
265,2015/4/12 1:00:00,10.3,0.0,1024.0,85.0
266,2015/4/12 2:00:00,10.0,0.0,1024.3,84.0
267,2015/4/12 3:00:00,9.2,0.0,1024.6,86.0
268,2015/4/12 4:00:00,9.3,0.0,1025.6,86.0
269,2015/4/12 5:00:00,8.9,0.0,1026.4,90.0
270,2015/4/12 6:00:00,9.1,0.0,1026.6,92.0
271,2015/4/12 7:00:00,10.9,0.0,1027.5,83.0
272,2015/4/12 8:00:00,12.3,0.0,1027.7,64.0
273,2015/4/12 9:00:00,13.8,0.0,1028.2,51.0
274,2015/4/12 10:00:00,14.7,0.0,1028.3,44.0
275,2015/4/12 11:00:00,16.8,0.0,1027.8,41.0
276,2015/4/12 12:00:00,16.3,0.0,1027.5,36.0
277,2015/4/12 13:00:00,16.5,0.0,1026.9,33.0
278,2015/4/12 14:00:00,17.4,0.0,1026.6,32.0
279,2015/4/12 15:00:00,16.1,0.0,1025.9,35.0
280,2015/4/12 16:00:00,16.0,0.0,1026.0,39.0
281,2015/4/12 17:00:00,15.3,0.0,1026.6,43.0
282,2015/4/12 18:00:00,13.8,0.0,1026.5,58.0
283,2015/4/12 19:00:00,13.2,0.0,1027.1,58.0
284,2015/4/12 20:00:00,12.7,0.0,1028.3,57.0
285,2015/4/12 21:00:00,12.2,0.0,1028.5,63.0
286,2015/4/12 22:00:00,11.7,0.0,1028.0,67.0
287,2015/4/12 23:00:00,11.5,0.0,1027.7,70.0
288,2015/4/13 00:00:00,11.1,0.0,1027.3,72.0
289,2015/4/13 1:00:00,10.6,0.0,1026.7,78.0
290,2015/4/13 2:00:00,10.2,0.0,1026.4,81.0
291,2015/4/13 3:00:00,10.3,0.0,1026.3,77.0
292,2015/4/13 4:00:00,10.4,0.0,1026.2,75.0
293,2015/4/13 5:00:00,10.1,0.0,1025.5,77.0
294,2015/4/13 6:00:00,10.1,0.0,1025.5,78.0
295,2015/4/13 7:00:00,10.6,0.0,1025.6,78.0
296,2015/4/13 8:00:00,10.4,0.0,1025.0,81.0
297,2015/4/13 9:00:00,10.7,0.0,1025.0,78.0
298,2015/4/13 10:00:00,10.0,0.5,1024.8,90.0
299,2015/4/13 11:00:00,10.2,2.0,1024.0,93.0
300,2015/4/13 12:00:00,9.8,2.5,1023.1,94.0
301,2015/4/13 13:00:00,9.5,3.5,1021.9,95.0
302,2015/4/13 14:00:00,9.7,3.0,1020.8,95.0
303,2015/4/13 15:00:00,9.5,2.0,1019.6,95.0
304,2015/4/13 16:00:00,9.4,4.0,1019.1,96.0
305,2015/4/13 17:00:00,9.0,2.5,1018.3,96.0
306,2015/4/13 18:00:00,8.9,3.5,1017.4,97.0
307,2015/4/13 19:00:00,9.1,2.5,1016.7,97.0
308,2015/4/13 20:00:00,8.8,4.0,1016.6,97.0
309,2015/4/13 21:00:00,8.6,2.5,1015.6,97.0
310,2015/4/13 22:00:00,8.7,2.0,1014.7,97.0
311,2015/4/13 23:00:00,9.0,1.5,1013.5,97.0
312,2015/4/14 00:00:00,9.3,0.5,1012.3,97.0
313,2015/4/14 1:00:00,9.5,0.5,1011.8,97.0
314,2015/4/14 2:00:00,9.6,0.5,1010.6,97.0
315,2015/4/14 3:00:00,9.9,0.0,1010.0,97.0
316,2015/4/14 4:00:00,10.1,0.0,1009.9,97.0
317,2015/4/14 5:00:00,10.4,0.0,1009.4,97.0
318,2015/4/14 6:00:00,10.7,0.0,1010.0,98.0
319,2015/4/14 7:00:00,11.3,0.0,1010.2,96.0
320,2015/4/14 8:00:00,12.0,0.0,1009.7,94.0
321,2015/4/14 9:00:00,12.1,0.0,1010.3,95.0
322,2015/4/14 10:00:00,12.6,1.0,1010.0,94.0
323,2015/4/14 11:00:00,13.0,1.0,1009.4,93.0
324,2015/4/14 12:00:00,13.4,0.0,1008.7,89.0
325,2015/4/14 13:00:00,13.5,0.5,1008.3,90.0
326,2015/4/14 14:00:00,13.5,0.0,1006.8,90.0
327,2015/4/14 15:00:00,13.7,1.0,1006.7,93.0
328,2015/4/14 16:00:00,13.5,0.0,1005.9,96.0
329,2015/4/14 17:00:00,13.3,0.5,1004.9,97.0
330,2015/4/14 18:00:00,13.2,3.5,1006.5,98.0
331,2015/4/14 19:00:00,13.0,4.5,1006.1,98.0
332,2015/4/14 20:00:00,12.7,1.5,1005.3,98.0
333,2015/4/14 21:00:00,12.7,2.5,1004.4,98.0
334,2015/4/14 22:00:00,12.6,2.5,1003.2,98.0
335,2015/4/14 23:00:00,12.5,0.5,1002.8,98.0
336,2015/4/15 00:00:00,12.5,2.5,1003.2,98.0
337,2015/4/15 1:00:00,12.5,1.0,1002.1,98.0
338,2015/4/15 2:00:00,12.4,0.5,1000.7,99.0
339,2015/4/15 3:00:00,12.5,0.0,1001.1,99.0
340,2015/4/15 4:00:00,12.6,0.5,1000.0,99.0
341,2015/4/15 5:00:00,12.6,0.0,999.7,98.0
342,2015/4/15 6:00:00,12.7,0.0,1000.5,90.0
343,2015/4/15 7:00:00,15.4,0.0,1000.6,77.0
344,2015/4/15 8:00:00,17.9,0.0,1000.8,59.0
345,2015/4/15 9:00:00,19.8,0.0,1000.6,47.0
346,2015/4/15 10:00:00,20.5,0.0,1001.3,42.0
347,2015/4/15 11:00:00,20.2,0.0,1000.2,42.0
348,2015/4/15 12:00:00,20.7,0.0,999.1,45.0
349,2015/4/15 13:00:00,18.3,0.0,998.9,50.0
350,2015/4/15 14:00:00,18.0,0.0,997.7,57.0
351,2015/4/15 15:00:00,18.9,0.0,996.4,46.0
352,2015/4/15 16:00:00,17.2,0.0,996.4,60.0
353,2015/4/15 17:00:00,17.0,0.0,996.0,49.0
354,2015/4/15 18:00:00,16.7,0.0,997.6,44.0
355,2015/4/15 19:00:00,14.6,0.0,999.9,51.0
356,2015/4/15 20:00:00,13.3,0.0,1001.7,51.0
357,2015/4/15 21:00:00,12.8,0.0,1003.0,52.0
358,2015/4/15 22:00:00,11.9,0.0,1004.1,55.0
359,2015/4/15 23:00:00,11.2,0.0,1004.7,58.0
360,2015/4/16 00:00:00,10.5,0.0,1005.0,59.0
361,2015/4/16 1:00:00,9.1,0.0,1005.3,68.0
362,2015/4/16 2:00:00,9.6,0.0,1005.1,66.0
363,2015/4/16 3:00:00,10.1,0.0,1005.6,62.0
364,2015/4/16 4:00:00,9.6,0.0,1006.0,71.0
365,2015/4/16 5:00:00,9.4,0.0,1006.1,74.0
366,2015/4/16 6:00:00,10.2,0.0,1007.3,77.0
367,2015/4/16 7:00:00,13.0,0.0,1007.9,59.0
368,2015/4/16 8:00:00,14.6,0.0,1008.4,57.0
369,2015/4/16 9:00:00,16.8,0.0,1008.7,52.0
370,2015/4/16 10:00:00,18.3,0.0,1009.1,45.0
371,2015/4/16 11:00:00,19.4,0.0,1008.5,42.0
372,2015/4/16 12:00:00,20.9,0.0,1008.3,47.0
373,2015/4/16 13:00:00,20.8,0.0,1007.9,42.0
374,2015/4/16 14:00:00,20.4,0.0,1007.6,39.0
375,2015/4/16 15:00:00,20.4,0.0,1006.9,40.0
376,2015/4/16 16:00:00,18.9,0.0,1007.0,51.0
377,2015/4/16 17:00:00,18.7,0.0,1007.0,56.0
378,2015/4/16 18:00:00,17.5,0.0,1007.3,62.0
379,2015/4/16 19:00:00,17.4,0.0,1007.6,64.0
380,2015/4/16 20:00:00,16.7,0.0,1008.0,68.0
381,2015/4/16 21:00:00,16.9,0.0,1008.2,60.0
382,2015/4/16 22:00:00,16.1,0.0,1007.7,65.0
383,2015/4/16 23:00:00,16.4,0.0,1007.6,61.0
384,2015/4/17 00:00:00,16.1,0.0,1007.5,60.0
385,2015/4/17 1:00:00,16.1,0.0,1007.2,56.0
386,2015/4/17 2:00:00,16.4,0.0,1007.0,52.0
387,2015/4/17 3:00:00,15.1,0.0,1006.6,57.0
388,2015/4/17 4:00:00,14.6,0.0,1006.8,61.0
389,2015/4/17 5:00:00,13.6,0.0,1006.7,67.0
390,2015/4/17 6:00:00,13.8,0.0,1007.3,74.0
391,2015/4/17 7:00:00,16.1,0.0,1007.7,64.0
392,2015/4/17 8:00:00,18.4,0.0,1007.2,52.0
393,2015/4/17 9:00:00,20.0,0.0,1007.1,46.0
394,2015/4/17 10:00:00,21.7,0.0,1006.7,53.0
395,2015/4/17 11:00:00,22.5,0.0,1006.1,51.0
396,2015/4/17 12:00:00,22.9,0.0,1005.3,52.0
397,2015/4/17 13:00:00,23.6,0.0,1004.7,48.0
398,2015/4/17 14:00:00,23.2,0.0,1003.8,47.0
399,2015/4/17 15:00:00,20.2,0.0,1004.1,59.0
400,2015/4/17 16:00:00,20.8,0.0,1003.9,58.0
401,2015/4/17 17:00:00,17.5,0.0,1005.0,73.0
402,2015/4/17 18:00:00,13.4,1.5,1006.8,85.0
403,2015/4/17 19:00:00,11.8,0.0,1008.4,82.0
404,2015/4/17 20:00:00,11.1,2.0,1009.4,87.0
405,2015/4/17 21:00:00,10.8,0.0,1011.0,81.0
406,2015/4/17 22:00:00,10.6,0.0,1011.9,78.0
407,2015/4/17 23:00:00,10.3,0.0,1012.8,82.0
408,2015/4/18 00:00:00,9.5,0.0,1013.9,80.0
409,2015/4/18 1:00:00,8.5,0.0,1014.7,79.0
410,2015/4/18 2:00:00,9.3,0.0,1015.3,73.0
411,2015/4/18 3:00:00,8.6,0.0,1015.8,71.0
412,2015/4/18 4:00:00,7.3,0.0,1015.8,86.0
413,2015/4/18 5:00:00,7.6,0.0,1016.2,77.0
414,2015/4/18 6:00:00,9.0,0.0,1016.9,70.0
415,2015/4/18 7:00:00,11.4,0.0,1017.0,63.0
416,2015/4/18 8:00:00,13.2,0.0,1016.9,58.0
417,2015/4/18 9:00:00,14.7,0.0,1016.7,36.0
418,2015/4/18 10:00:00,16.8,0.0,1016.4,37.0
419,2015/4/18 11:00:00,18.2,0.0,1015.5,40.0
420,2015/4/18 12:00:00,18.1,0.0,1014.3,38.0
421,2015/4/18 13:00:00,18.6,0.0,1013.2,42.0
422,2015/4/18 14:00:00,19.0,0.0,1012.7,43.0
423,2015/4/18 15:00:00,18.8,0.0,1011.9,45.0
424,2015/4/18 16:00:00,17.5,0.0,1011.3,48.0
425,2015/4/18 17:00:00,16.9,0.0,1011.2,52.0
426,2015/4/18 18:00:00,16.3,0.0,1011.4,56.0
427,2015/4/18 19:00:00,15.6,0.0,1011.5,59.0
428,2015/4/18 20:00:00,15.0,0.0,1012.6,62.0
429,2015/4/18 21:00:00,14.6,0.0,1013.2,63.0
430,2015/4/18 22:00:00,14.5,0.0,1013.5,62.0
431,2015/4/18 23:00:00,13.7,0.0,1013.8,65.0
432,2015/4/19 00:00:00,12.6,0.0,1014.0,70.0
433,2015/4/19 1:00:00,11.7,0.0,1013.8,75.0
434,2015/4/19 2:00:00,11.4,0.0,1013.5,80.0
435,2015/4/19 3:00:00,11.7,0.0,1013.8,80.0
436,2015/4/19 4:00:00,11.2,0.0,1014.1,82.0
437,2015/4/19 5:00:00,10.5,0.0,1014.1,86.0
438,2015/4/19 6:00:00,12.0,0.0,1014.4,81.0
439,2015/4/19 7:00:00,12.8,0.0,1014.9,75.0
440,2015/4/19 8:00:00,13.4,0.0,1015.3,68.0
441,2015/4/19 9:00:00,14.9,0.0,1015.4,67.0
442,2015/4/19 10:00:00,15.4,0.0,1014.8,63.0
443,2015/4/19 11:00:00,16.0,0.0,1014.6,57.0
444,2015/4/19 12:00:00,16.5,0.0,1013.9,56.0
445,2015/4/19 13:00:00,16.2,0.0,1013.6,63.0
446,2015/4/19 14:00:00,16.0,0.0,1013.4,71.0
447,2015/4/19 15:00:00,16.5,0.0,1013.2,65.0
448,2015/4/19 16:00:00,16.9,0.0,1013.3,61.0
449,2015/4/19 17:00:00,16.4,0.0,1013.3,69.0
450,2015/4/19 18:00:00,15.9,0.0,1013.6,71.0
451,2015/4/19 19:00:00,14.9,0.0,1013.3,75.0
452,2015/4/19 20:00:00,15.1,0.0,1013.9,68.0
453,2015/4/19 21:00:00,14.7,0.0,1013.9,63.0
454,2015/4/19 22:00:00,14.2,0.0,1013.4,64.0
455,2015/4/19 23:00:00,14.3,0.0,1012.7,59.0
456,2015/4/20 00:00:00,13.9,0.0,1012.6,63.0
457,2015/4/20 1:00:00,13.7,0.0,1011.9,68.0
458,2015/4/20 2:00:00,15.2,0.0,1011.3,80.0
459,2015/4/20 3:00:00,16.0,0.0,1010.7,90.0
460,2015/4/20 4:00:00,16.4,0.0,1010.1,89.0
461,2015/4/20 5:00:00,16.6,0.0,1009.7,88.0
462,2015/4/20 6:00:00,16.7,0.0,1009.5,89.0
463,2015/4/20 7:00:00,18.1,0.0,1009.2,85.0
464,2015/4/20 8:00:00,18.6,0.0,1008.8,82.0
465,2015/4/20 9:00:00,18.9,0.0,1008.3,81.0
466,2015/4/20 10:00:00,19.0,0.0,1008.1,86.0
467,2015/4/20 11:00:00,18.9,0.0,1006.9,87.0
468,2015/4/20 12:00:00,19.0,0.5,1005.8,88.0
469,2015/4/20 13:00:00,18.9,0.0,1005.1,90.0
470,2015/4/20 14:00:00,18.2,0.5,1003.6,93.0
471,2015/4/20 15:00:00,18.8,0.0,1002.6,91.0
472,2015/4/20 16:00:00,19.4,0.0,1001.1,89.0
473,2015/4/20 17:00:00,19.1,0.0,1000.9,94.0
474,2015/4/20 18:00:00,19.1,3.0,1000.1,97.0
475,2015/4/20 19:00:00,19.2,3.0,999.8,97.0
476,2015/4/20 20:00:00,19.8,0.5,999.4,96.0
477,2015/4/20 21:00:00,20.3,2.0,999.1,96.0
478,2015/4/20 22:00:00,20.4,0.5,998.6,95.0
479,2015/4/20 23:00:00,20.4,0.5,998.3,96.0
480,2015/4/21 00:00:00,20.4,0.0,997.6,96.0
481,2015/4/21 1:00:00,19.6,0.5,995.7,98.0
482,2015/4/21 2:00:00,19.3,0.0,995.5,96.0
483,2015/4/21 3:00:00,19.3,0.0,996.6,96.0
484,2015/4/21 4:00:00,18.3,0.0,997.2,95.0
485,2015/4/21 5:00:00,18.5,0.0,997.7,98.0
486,2015/4/21 6:00:00,18.6,0.0,998.8,99.0
487,2015/4/21 7:00:00,19.2,0.0,999.9,98.0
488,2015/4/21 8:00:00,17.4,0.0,1000.8,73.0
489,2015/4/21 9:00:00,18.4,0.0,1001.8,71.0
490,2015/4/21 10:00:00,18.2,0.0,1002.4,83.0
491,2015/4/21 11:00:00,18.4,0.0,1003.2,81.0
492,2015/4/21 12:00:00,19.3,0.0,1003.5,73.0
493,2015/4/21 13:00:00,19.2,0.0,1004.1,70.0
494,2015/4/21 14:00:00,18.3,0.0,1005.0,67.0
495,2015/4/21 15:00:00,18.1,0.0,1005.5,63.0
496,2015/4/21 16:00:00,17.1,0.0,1006.7,61.0
497,2015/4/21 17:00:00,16.4,0.0,1008.1,62.0
498,2015/4/21 18:00:00,15.7,0.0,1009.4,61.0
499,2015/4/21 19:00:00,15.7,0.0,1011.1,60.0
500,2015/4/21 20:00:00,15.1,0.0,1012.7,64.0
501,2015/4/21 21:00:00,15.3,0.0,1013.6,61.0
502,2015/4/21 22:00:00,14.7,0.0,1014.3,65.0
503,2015/4/21 23:00:00,14.6,0.0,1014.6,59.0
504,2015/4/22 00:00:00,14.1,0.0,1014.7,64.0
505,2015/4/22 1:00:00,13.4,0.0,1015.1,68.0
506,2015/4/22 2:00:00,13.6,0.0,1015.3,56.0
507,2015/4/22 3:00:00,13.1,0.0,1015.5,53.0
508,2015/4/22 4:00:00,13.2,0.0,1016.3,50.0
509,2015/4/22 5:00:00,11.9,0.0,1016.8,55.0
510,2015/4/22 6:00:00,13.3,0.0,1017.3,58.0
511,2015/4/22 7:00:00,14.7,0.0,1017.6,51.0
512,2015/4/22 8:00:00,16.5,0.0,1017.6,43.0
513,2015/4/22 9:00:00,17.1,0.0,1017.1,34.0
514,2015/4/22 10:00:00,18.0,0.0,1017.2,44.0
515,2015/4/22 11:00:00,19.5,0.0,1016.6,45.0
516,2015/4/22 12:00:00,19.6,0.0,1015.8,47.0
517,2015/4/22 13:00:00,20.2,0.0,1015.6,48.0
518,2015/4/22 14:00:00,21.1,0.0,1014.7,47.0
519,2015/4/22 15:00:00,18.7,0.0,1014.7,50.0
520,2015/4/22 16:00:00,18.1,0.0,1014.4,53.0
521,2015/4/22 17:00:00,17.2,0.0,1014.5,59.0
522,2015/4/22 18:00:00,14.6,0.0,1014.6,80.0
523,2015/4/22 19:00:00,14.7,0.5,1014.8,81.0
524,2015/4/22 20:00:00,14.4,0.0,1015.1,87.0
525,2015/4/22 21:00:00,13.8,1.5,1015.2,97.0
526,2015/4/22 22:00:00,13.3,0.5,1015.0,97.0
527,2015/4/22 23:00:00,13.2,0.0,1014.7,97.0
528,2015/4/23 00:00:00,13.4,0.0,1014.6,93.0
529,2015/4/23 1:00:00,12.6,0.0,1014.0,95.0
530,2015/4/23 2:00:00,13.0,0.0,1014.2,94.0
531,2015/4/23 3:00:00,12.7,0.0,1014.2,96.0
532,2015/4/23 4:00:00,12.6,0.0,1014.6,97.0
533,2015/4/23 5:00:00,12.0,0.0,1014.9,97.0
534,2015/4/23 6:00:00,12.9,0.0,1015.5,98.0
535,2015/4/23 7:00:00,15.9,0.0,1016.1,84.0
536,2015/4/23 8:00:00,17.3,0.0,1016.6,66.0
537,2015/4/23 9:00:00,19.8,0.0,1017.0,53.0
538,2015/4/23 10:00:00,21.0,0.0,1017.1,39.0
539,2015/4/23 11:00:00,22.6,0.0,1016.6,31.0
540,2015/4/23 12:00:00,23.2,0.0,1016.1,38.0
541,2015/4/23 13:00:00,23.9,0.0,1015.8,35.0
542,2015/4/23 14:00:00,23.0,0.0,1015.8,34.0
543,2015/4/23 15:00:00,23.7,0.0,1015.7,33.0
544,2015/4/23 16:00:00,23.0,0.0,1016.3,34.0
545,2015/4/23 17:00:00,20.8,0.0,1017.0,51.0
546,2015/4/23 18:00:00,19.7,0.0,1017.8,59.0
547,2015/4/23 19:00:00,18.5,0.0,1018.8,66.0
548,2015/4/23 20:00:00,17.9,0.0,1019.6,69.0
549,2015/4/23 21:00:00,17.1,0.0,1020.1,75.0
550,2015/4/23 22:00:00,16.7,0.0,1020.0,77.0
551,2015/4/23 23:00:00,16.3,0.0,1020.2,79.0
552,2015/4/24 00:00:00,15.9,0.0,1020.2,82.0
553,2015/4/24 1:00:00,15.7,0.0,1019.6,83.0
554,2015/4/24 2:00:00,15.9,0.0,1019.2,83.0
555,2015/4/24 3:00:00,14.8,0.0,1018.9,91.0
556,2015/4/24 4:00:00,15.0,0.0,1018.8,91.0
557,2015/4/24 5:00:00,14.3,0.0,1019.0,93.0
558,2015/4/24 6:00:00,16.0,0.0,1019.3,85.0
559,2015/4/24 7:00:00,17.2,0.0,1019.4,78.0
560,2015/4/24 8:00:00,18.7,0.0,1018.8,70.0
561,2015/4/24 9:00:00,19.2,0.0,1018.2,62.0
562,2015/4/24 10:00:00,20.8,0.0,1017.1,60.0
563,2015/4/24 11:00:00,21.8,0.0,1016.4,58.0
564,2015/4/24 12:00:00,21.8,0.0,1015.1,59.0
565,2015/4/24 13:00:00,21.4,0.0,1014.3,57.0
566,2015/4/24 14:00:00,22.5,0.0,1012.9,55.0
567,2015/4/24 15:00:00,21.1,0.0,1012.1,63.0
568,2015/4/24 16:00:00,19.7,0.0,1011.7,67.0
569,2015/4/24 17:00:00,19.4,0.0,1011.5,58.0
570,2015/4/24 18:00:00,18.4,0.0,1011.2,67.0
571,2015/4/24 19:00:00,17.7,0.0,1011.3,70.0
572,2015/4/24 20:00:00,17.6,0.0,1011.8,69.0
573,2015/4/24 21:00:00,17.7,0.0,1011.7,65.0
574,2015/4/24 22:00:00,17.5,0.0,1011.5,64.0
575,2015/4/24 23:00:00,17.6,0.0,1011.7,64.0
576,2015/4/25 00:00:00,16.9,0.0,1011.7,69.0
577,2015/4/25 1:00:00,16.8,0.0,1011.5,70.0
578,2015/4/25 2:00:00,16.6,0.0,1011.7,73.0
579,2015/4/25 3:00:00,15.8,0.0,1012.4,84.0
580,2015/4/25 4:00:00,15.5,0.0,1013.2,83.0
581,2015/4/25 5:00:00,15.2,0.0,1013.7,84.0
582,2015/4/25 6:00:00,14.9,0.0,1014.3,85.0
583,2015/4/25 7:00:00,17.1,0.0,1014.8,73.0
584,2015/4/25 8:00:00,18.3,0.0,1014.7,59.0
585,2015/4/25 9:00:00,18.9,0.0,1014.7,49.0
586,2015/4/25 10:00:00,20.3,0.0,1014.6,41.0
587,2015/4/25 11:00:00,21.4,0.0,1014.0,40.0
588,2015/4/25 12:00:00,21.6,0.0,1013.4,35.0
589,2015/4/25 13:00:00,21.0,0.0,1013.1,31.0
590,2015/4/25 14:00:00,20.7,0.0,1013.0,30.0
591,2015/4/25 15:00:00,20.2,0.0,1013.1,47.0
592,2015/4/25 16:00:00,18.8,0.0,1013.6,41.0
593,2015/4/25 17:00:00,17.5,0.0,1014.3,42.0
594,2015/4/25 18:00:00,16.5,0.0,1015.5,32.0
595,2015/4/25 19:00:00,15.9,0.0,1016.4,29.0
596,2015/4/25 20:00:00,14.2,0.0,1016.8,36.0
597,2015/4/25 21:00:00,14.1,0.0,1017.4,43.0
598,2015/4/25 22:00:00,12.7,0.0,1017.4,60.0
599,2015/4/25 23:00:00,14.0,0.0,1017.9,55.0
600,2015/4/26 00:00:00,13.8,0.0,1017.8,58.0
601,2015/4/26 1:00:00,13.6,0.0,1017.6,62.0
602,2015/4/26 2:00:00,13.3,0.0,1017.6,61.0
603,2015/4/26 3:00:00,13.3,0.0,1017.8,53.0
604,2015/4/26 4:00:00,13.7,0.0,1017.8,44.0
605,2015/4/26 5:00:00,12.8,0.0,1018.2,49.0
606,2015/4/26 6:00:00,13.4,0.0,1018.9,53.0
607,2015/4/26 7:00:00,15.3,0.0,1019.1,44.0
608,2015/4/26 8:00:00,17.1,0.0,1018.9,41.0
609,2015/4/26 9:00:00,18.5,0.0,1018.8,40.0
610,2015/4/26 10:00:00,20.6,0.0,1018.7,44.0
611,2015/4/26 11:00:00,21.2,0.0,1017.8,40.0
612,2015/4/26 12:00:00,22.5,0.0,1017.1,38.0
613,2015/4/26 13:00:00,22.7,0.0,1016.8,36.0
614,2015/4/26 14:00:00,23.1,0.0,1016.2,34.0
615,2015/4/26 15:00:00,22.6,0.0,1015.5,36.0
616,2015/4/26 16:00:00,21.4,0.0,1014.9,40.0
617,2015/4/26 17:00:00,20.5,0.0,1014.8,45.0
618,2015/4/26 18:00:00,19.2,0.0,1014.9,51.0
619,2015/4/26 19:00:00,18.6,0.0,1015.5,54.0
620,2015/4/26 20:00:00,17.8,0.0,1015.8,60.0
621,2015/4/26 21:00:00,17.1,0.0,1016.1,65.0
622,2015/4/26 22:00:00,16.9,0.0,1016.2,71.0
623,2015/4/26 23:00:00,16.7,0.0,1016.3,71.0
624,2015/4/27 00:00:00,16.1,0.0,1016.1,74.0
625,2015/4/27 1:00:00,15.4,0.0,1015.9,80.0
626,2015/4/27 2:00:00,14.7,0.0,1015.7,84.0
627,2015/4/27 3:00:00,15.2,0.0,1015.7,86.0
628,2015/4/27 4:00:00,13.9,0.0,1015.8,90.0
629,2015/4/27 5:00:00,13.4,0.0,1015.9,91.0
630,2015/4/27 6:00:00,14.9,0.0,1016.4,78.0
631,2015/4/27 7:00:00,16.9,0.0,1016.6,70.0
632,2015/4/27 8:00:00,19.0,0.0,1016.6,61.0
633,2015/4/27 9:00:00,21.4,0.0,1016.3,52.0
634,2015/4/27 10:00:00,22.2,0.0,1016.1,47.0
635,2015/4/27 11:00:00,23.1,0.0,1015.6,51.0
636,2015/4/27 12:00:00,22.7,0.0,1014.8,54.0
637,2015/4/27 13:00:00,23.7,0.0,1013.9,54.0
638,2015/4/27 14:00:00,23.9,0.0,1013.3,53.0
639,2015/4/27 15:00:00,24.0,0.0,1012.8,53.0
640,2015/4/27 16:00:00,23.5,0.0,1012.6,56.0
641,2015/4/27 17:00:00,21.9,0.0,1012.7,64.0
642,2015/4/27 18:00:00,20.9,0.0,1012.9,69.0
643,2015/4/27 19:00:00,20.2,0.0,1013.5,69.0
644,2015/4/27 20:00:00,19.0,0.0,1014.1,73.0
645,2015/4/27 21:00:00,18.7,0.0,1014.5,71.0
646,2015/4/27 22:00:00,18.1,0.0,1014.5,71.0
647,2015/4/27 23:00:00,18.2,0.0,1014.5,71.0
648,2015/4/28 00:00:00,17.4,0.0,1014.5,78.0
649,2015/4/28 1:00:00,17.0,0.0,1014.2,81.0
650,2015/4/28 2:00:00,16.8,0.0,1014.2,86.0
651,2015/4/28 3:00:00,15.6,0.0,1014.5,93.0
652,2015/4/28 4:00:00,15.5,0.0,1014.5,92.0
653,2015/4/28 5:00:00,14.7,0.0,1014.7,95.0
654,2015/4/28 6:00:00,16.5,0.0,1015.5,81.0
655,2015/4/28 7:00:00,19.3,0.0,1015.8,69.0
656,2015/4/28 8:00:00,21.3,0.0,1015.8,54.0
657,2015/4/28 9:00:00,23.1,0.0,1015.7,50.0
658,2015/4/28 10:00:00,23.8,0.0,1015.6,52.0
659,2015/4/28 11:00:00,24.9,0.0,1015.2,50.0
660,2015/4/28 12:00:00,26.2,0.0,1014.8,51.0
661,2015/4/28 13:00:00,25.8,0.0,1014.2,48.0
662,2015/4/28 14:00:00,26.2,0.0,1013.9,45.0
663,2015/4/28 15:00:00,25.9,0.0,1013.4,43.0
664,2015/4/28 16:00:00,24.8,0.0,1013.2,45.0
665,2015/4/28 17:00:00,23.1,0.0,1013.3,56.0
666,2015/4/28 18:00:00,22.2,0.0,1013.6,60.0
667,2015/4/28 19:00:00,20.9,0.0,1014.2,67.0
668,2015/4/28 20:00:00,20.0,0.0,1014.7,66.0
669,2015/4/28 21:00:00,19.2,0.0,1015.1,71.0
670,2015/4/28 22:00:00,18.8,0.0,1015.0,74.0
671,2015/4/28 23:00:00,18.5,0.0,1015.1,75.0
672,2015/4/29 00:00:00,18.4,0.0,1014.7,74.0
673,2015/4/29 1:00:00,18.1,0.0,1014.4,75.0
674,2015/4/29 2:00:00,17.8,0.0,1014.1,74.0
675,2015/4/29 3:00:00,18.2,0.0,1014.1,70.0
676,2015/4/29 4:00:00,17.7,0.0,1014.1,72.0
677,2015/4/29 5:00:00,17.3,0.0,1013.9,76.0
678,2015/4/29 6:00:00,18.1,0.0,1014.3,76.0
679,2015/4/29 7:00:00,19.0,0.0,1014.8,70.0
680,2015/4/29 8:00:00,20.9,0.0,1014.5,64.0
681,2015/4/29 9:00:00,22.2,0.0,1014.2,55.0
682,2015/4/29 10:00:00,22.5,0.0,1014.5,52.0
683,2015/4/29 11:00:00,22.4,0.0,1014.5,50.0
684,2015/4/29 12:00:00,21.4,0.0,1014.0,51.0
685,2015/4/29 13:00:00,22.4,0.0,1013.4,50.0
686,2015/4/29 14:00:00,23.9,0.0,1012.9,43.0
687,2015/4/29 15:00:00,22.6,0.0,1012.4,47.0
688,2015/4/29 16:00:00,22.1,0.0,1012.0,48.0
689,2015/4/29 17:00:00,20.8,0.0,1012.5,60.0
690,2015/4/29 18:00:00,19.1,0.0,1012.6,68.0
691,2015/4/29 19:00:00,18.3,0.0,1013.2,69.0
692,2015/4/29 20:00:00,18.1,0.0,1013.7,70.0
693,2015/4/29 21:00:00,16.5,0.0,1014.1,78.0
694,2015/4/29 22:00:00,15.9,0.0,1013.9,81.0
695,2015/4/29 23:00:00,15.9,0.0,1013.9,80.0
696,2015/4/30 00:00:00,15.3,0.0,1013.6,84.0
697,2015/4/30 1:00:00,15.3,0.0,1013.2,80.0
698,2015/4/30 2:00:00,15.2,0.0,1012.6,83.0
699,2015/4/30 3:00:00,16.4,0.0,1012.7,79.0
700,2015/4/30 4:00:00,16.0,0.0,1012.7,79.0
701,2015/4/30 5:00:00,15.8,0.0,1013.0,78.0
702,2015/4/30 6:00:00,16.5,0.0,1013.3,78.0
703,2015/4/30 7:00:00,18.7,0.0,1013.6,67.0
704,2015/4/30 8:00:00,20.2,0.0,1013.8,59.0
705,2015/4/30 9:00:00,21.2,0.0,1013.7,51.0
706,2015/4/30 10:00:00,22.5,0.0,1013.5,43.0
707,2015/4/30 11:00:00,21.7,0.0,1013.1,47.0
708,2015/4/30 12:00:00,21.9,0.0,1012.7,46.0
709,2015/4/30 13:00:00,21.8,0.0,1012.6,49.0
710,2015/4/30 14:00:00,23.3,0.0,1011.9,47.0
711,2015/4/30 15:00:00,22.5,0.0,1011.6,45.0
712,2015/4/30 16:00:00,22.4,0.0,1011.4,47.0
713,2015/4/30 17:00:00,21.6,0.0,1011.6,49.0
714,2015/4/30 18:00:00,20.5,0.0,1012.2,60.0
715,2015/4/30 19:00:00,19.4,0.0,1012.8,66.0
716,2015/4/30 20:00:00,17.9,0.0,1013.4,74.0
717,2015/4/30 21:00:00,17.6,0.0,1013.7,76.0
718,2015/4/30 22:00:00,16.1,0.0,1013.7,85.0
719,2015/4/30 23:00:00,15.7,0.0,1013.4,88.0
720,2015/5/1 00:00:00,15.9,0.0,1013.0,86.0
721,2015/5/1 1:00:00,16.1,0.0,1012.5,85.0
722,2015/5/1 2:00:00,15.4,0.0,1012.3,89.0
723,2015/5/1 3:00:00,16.3,0.0,1012.3,83.0
724,2015/5/1 4:00:00,15.3,0.0,1012.2,89.0
725,2015/5/1 5:00:00,14.7,0.0,1012.4,91.0
726,2015/5/1 6:00:00,16.8,0.0,1012.8,81.0
727,2015/5/1 7:00:00,19.2,0.0,1013.1,69.0
728,2015/5/1 8:00:00,20.1,0.0,1012.9,63.0
729,2015/5/1 9:00:00,21.9,0.0,1012.6,54.0
730,2015/5/1 10:00:00,23.1,0.0,1012.4,45.0
731,2015/5/1 11:00:00,23.4,0.0,1011.8,49.0
732,2015/5/1 12:00:00,24.1,0.0,1011.1,44.0
733,2015/5/1 13:00:00,25.2,0.0,1010.4,38.0
734,2015/5/1 14:00:00,26.7,0.0,1009.9,36.0
735,2015/5/1 15:00:00,26.5,0.0,1009.4,35.0
736,2015/5/1 16:00:00,26.1,0.0,1009.5,29.0
737,2015/5/1 17:00:00,24.1,0.0,1009.7,46.0
738,2015/5/1 18:00:00,22.3,0.0,1010.3,55.0
739,2015/5/1 19:00:00,20.8,0.0,1011.4,63.0
740,2015/5/1 20:00:00,19.8,0.0,1012.2,67.0
741,2015/5/1 21:00:00,18.9,0.0,1012.7,71.0
742,2015/5/1 22:00:00,18.8,0.0,1013.0,71.0
743,2015/5/1 23:00:00,18.2,0.0,1013.2,73.0
744,2015/5/2 00:00:00,17.1,0.0,1013.1,78.0
745,2015/5/2 1:00:00,16.4,0.0,1012.9,82.0
746,2015/5/2 2:00:00,16.3,0.0,1012.7,85.0
747,2015/5/2 3:00:00,15.9,0.0,1012.8,90.0
748,2015/5/2 4:00:00,15.6,0.0,1012.7,95.0
749,2015/5/2 5:00:00,15.6,0.0,1013.1,93.0
750,2015/5/2 6:00:00,17.2,0.0,1013.5,89.0
751,2015/5/2 7:00:00,19.4,0.0,1014.2,74.0
752,2015/5/2 8:00:00,21.4,0.0,1014.5,67.0
753,2015/5/2 9:00:00,23.0,0.0,1014.6,55.0
754,2015/5/2 10:00:00,24.7,0.0,1014.5,53.0
755,2015/5/2 11:00:00,24.9,0.0,1014.0,51.0
756,2015/5/2 12:00:00,26.5,0.0,1013.6,52.0
757,2015/5/2 13:00:00,26.0,0.0,1013.1,44.0
758,2015/5/2 14:00:00,26.6,0.0,1012.5,36.0
759,2015/5/2 15:00:00,26.0,0.0,1012.4,41.0
760,2015/5/2 16:00:00,25.4,0.0,1012.2,40.0
761,2015/5/2 17:00:00,24.3,0.0,1012.5,42.0
762,2015/5/2 18:00:00,22.2,0.0,1012.6,52.0
763,2015/5/2 19:00:00,20.8,0.0,1013.5,64.0
764,2015/5/2 20:00:00,20.4,0.0,1014.1,64.0
765,2015/5/2 21:00:00,19.1,0.0,1014.4,72.0
766,2015/5/2 22:00:00,19.2,0.0,1014.3,76.0
767,2015/5/2 23:00:00,19.0,0.0,1014.4,79.0
768,2015/5/3 00:00:00,17.6,0.0,1013.9,85.0
769,2015/5/3 1:00:00,18.0,0.0,1013.4,89.0
770,2015/5/3 2:00:00,18.1,0.0,1013.3,87.0
771,2015/5/3 3:00:00,18.1,0.0,1013.1,87.0
772,2015/5/3 4:00:00,18.8,0.0,1012.8,85.0
773,2015/5/3 5:00:00,18.5,0.0,1013.1,87.0
774,2015/5/3 6:00:00,18.6,0.0,1013.3,88.0
775,2015/5/3 7:00:00,19.2,0.0,1013.1,83.0
776,2015/5/3 8:00:00,19.6,0.0,1013.2,79.0
777,2015/5/3 9:00:00,20.9,0.0,1013.2,65.0
778,2015/5/3 10:00:00,23.8,0.0,1013.0,53.0
779,2015/5/3 11:00:00,24.4,0.0,1012.2,40.0
780,2015/5/3 12:00:00,25.2,0.0,1011.6,20.0
781,2015/5/3 13:00:00,24.9,0.0,1010.5,31.0
782,2015/5/3 14:00:00,26.0,0.0,1009.3,39.0
783,2015/5/3 15:00:00,24.6,0.0,1008.7,43.0
784,2015/5/3 16:00:00,25.0,0.0,1008.6,45.0
785,2015/5/3 17:00:00,23.8,0.0,1008.4,38.0
786,2015/5/3 18:00:00,22.1,0.0,1008.8,35.0
787,2015/5/3 19:00:00,20.7,0.0,1008.7,43.0
788,2015/5/3 20:00:00,20.4,0.0,1009.4,43.0
789,2015/5/3 21:00:00,19.7,0.0,1009.5,70.0
790,2015/5/3 22:00:00,19.5,0.0,1009.4,75.0
791,2015/5/3 23:00:00,19.3,0.0,1009.1,78.0
792,2015/5/4 00:00:00,18.9,0.0,1008.3,79.0
793,2015/5/4 1:00:00,19.0,0.0,1007.8,64.0
794,2015/5/4 2:00:00,18.8,0.0,1007.3,67.0
795,2015/5/4 3:00:00,18.9,0.0,1006.9,68.0
796,2015/5/4 4:00:00,18.8,0.0,1006.6,72.0
797,2015/5/4 5:00:00,18.9,0.0,1006.6,70.0
798,2015/5/4 6:00:00,18.9,0.0,1006.3,69.0
799,2015/5/4 7:00:00,19.7,0.0,1005.7,71.0
800,2015/5/4 8:00:00,21.3,0.0,1005.4,66.0
801,2015/5/4 9:00:00,23.1,0.0,1004.8,63.0
802,2015/5/4 10:00:00,23.8,0.0,1004.2,63.0
803,2015/5/4 11:00:00,23.9,0.0,1003.2,69.0
804,2015/5/4 12:00:00,25.3,0.0,1002.2,55.0
805,2015/5/4 13:00:00,25.8,0.0,1001.2,49.0
806,2015/5/4 14:00:00,24.4,0.0,1000.3,57.0
807,2015/5/4 15:00:00,24.9,0.0,999.7,53.0
808,2015/5/4 16:00:00,24.4,0.0,999.3,54.0
809,2015/5/4 17:00:00,22.9,0.0,998.8,61.0
810,2015/5/4 18:00:00,22.0,0.0,998.8,65.0
811,2015/5/4 19:00:00,21.1,0.0,998.9,71.0
812,2015/5/4 20:00:00,20.4,0.0,999.3,82.0
813,2015/5/4 21:00:00,20.1,0.0,999.0,84.0
814,2015/5/4 22:00:00,20.6,0.0,998.7,83.0
815,2015/5/4 23:00:00,20.4,0.0,998.3,88.0
816,2015/5/5 00:00:00,20.6,0.0,997.8,87.0
817,2015/5/5 1:00:00,20.5,0.0,998.0,88.0
818,2015/5/5 2:00:00,19.2,0.0,999.3,56.0
819,2015/5/5 3:00:00,18.4,0.0,999.7,46.0
820,2015/5/5 4:00:00,18.4,0.0,1000.3,39.0
821,2015/5/5 5:00:00,18.5,0.0,1001.0,34.0
822,2015/5/5 6:00:00,18.4,0.0,1001.7,35.0
823,2015/5/5 7:00:00,18.4,0.0,1002.3,33.0
824,2015/5/5 8:00:00,18.2,0.0,1003.1,36.0
825,2015/5/5 9:00:00,18.9,0.0,1004.3,36.0
826,2015/5/5 10:00:00,19.4,0.0,1005.3,47.0
827,2015/5/5 11:00:00,19.1,0.0,1005.7,47.0
828,2015/5/5 12:00:00,19.7,0.0,1005.8,42.0
829,2015/5/5 13:00:00,20.6,0.0,1006.3,35.0
830,2015/5/5 14:00:00,20.8,0.0,1006.1,31.0
831,2015/5/5 15:00:00,22.1,0.0,1006.2,32.0
832,2015/5/5 16:00:00,20.1,0.0,1006.6,33.0
833,2015/5/5 17:00:00,19.2,0.0,1007.1,35.0
834,2015/5/5 18:00:00,17.6,0.0,1007.9,41.0
835,2015/5/5 19:00:00,17.2,0.0,1009.0,36.0
836,2015/5/5 20:00:00,16.6,0.0,1010.2,38.0
837,2015/5/5 21:00:00,16.1,0.0,1010.4,36.0
838,2015/5/5 22:00:00,14.5,0.0,1010.7,44.0
839,2015/5/5 23:00:00,13.8,0.0,1010.4,48.0
840,2015/5/6 00:00:00,13.2,0.0,1010.4,49.0
841,2015/5/6 1:00:00,13.3,0.0,1010.1,50.0
842,2015/5/6 2:00:00,14.6,0.0,1010.5,46.0
843,2015/5/6 3:00:00,14.2,0.0,1010.3,50.0
844,2015/5/6 4:00:00,13.1,0.0,1010.5,52.0
845,2015/5/6 5:00:00,12.8,0.0,1010.4,56.0
846,2015/5/6 6:00:00,14.5,0.0,1010.8,53.0
847,2015/5/6 7:00:00,15.9,0.0,1010.8,47.0
848,2015/5/6 8:00:00,17.5,0.0,1010.8,44.0
849,2015/5/6 9:00:00,20.0,0.0,1010.7,40.0
850,2015/5/6 10:00:00,21.1,0.0,1010.7,41.0
851,2015/5/6 11:00:00,20.7,0.0,1010.9,35.0
852,2015/5/6 12:00:00,21.6,0.0,1009.9,36.0
853,2015/5/6 13:00:00,22.5,0.0,1009.6,34.0
854,2015/5/6 14:00:00,23.6,0.0,1009.1,39.0
855,2015/5/6 15:00:00,22.6,0.0,1009.1,41.0
856,2015/5/6 16:00:00,21.4,0.0,1008.6,40.0
857,2015/5/6 17:00:00,20.5,0.0,1009.0,37.0
858,2015/5/6 18:00:00,19.6,0.0,1009.2,36.0
859,2015/5/6 19:00:00,18.7,0.0,1009.6,48.0
860,2015/5/6 20:00:00,18.3,0.0,1009.9,56.0
861,2015/5/6 21:00:00,17.9,0.0,1010.1,60.0
862,2015/5/6 22:00:00,17.7,0.0,1010.2,61.0
863,2015/5/6 23:00:00,17.4,0.0,1009.3,64.0
864,2015/5/7 00:00:00,17.4,0.0,1009.5,65.0
865,2015/5/7 1:00:00,17.3,0.0,1008.7,68.0
866,2015/5/7 2:00:00,17.0,0.0,1008.4,69.0
867,2015/5/7 3:00:00,17.1,0.0,1008.2,67.0
868,2015/5/7 4:00:00,16.3,0.0,1008.3,73.0
869,2015/5/7 5:00:00,16.6,0.0,1008.3,74.0
870,2015/5/7 6:00:00,17.2,0.0,1008.9,71.0
871,2015/5/7 7:00:00,17.1,0.0,1009.3,75.0
872,2015/5/7 8:00:00,17.3,0.0,1009.0,75.0
873,2015/5/7 9:00:00,18.0,0.0,1009.6,76.0
874,2015/5/7 10:00:00,18.4,0.0,1009.8,64.0
875,2015/5/7 11:00:00,20.0,0.0,1009.3,54.0
876,2015/5/7 12:00:00,20.8,0.0,1008.9,51.0
877,2015/5/7 13:00:00,22.2,0.0,1008.4,46.0
878,2015/5/7 14:00:00,22.5,0.0,1008.0,39.0
879,2015/5/7 15:00:00,23.6,0.0,1007.7,32.0
880,2015/5/7 16:00:00,24.3,0.0,1007.9,38.0
881,2015/5/7 17:00:00,22.9,0.0,1007.8,30.0
882,2015/5/7 18:00:00,22.1,0.0,1007.9,44.0
883,2015/5/7 19:00:00,19.8,0.0,1008.3,66.0
884,2015/5/7 20:00:00,18.8,0.0,1008.8,69.0
885,2015/5/7 21:00:00,18.4,0.0,1009.1,68.0
886,2015/5/7 22:00:00,17.4,0.0,1009.0,71.0
887,2015/5/7 23:00:00,16.5,0.0,1008.9,78.0
888,2015/5/8 00:00:00,15.8,0.0,1008.6,83.0
889,2015/5/8 1:00:00,17.0,0.0,1008.3,79.0
890,2015/5/8 2:00:00,16.9,0.0,1008.6,81.0
891,2015/5/8 3:00:00,17.9,0.0,1008.4,74.0
892,2015/5/8 4:00:00,17.2,0.0,1008.3,85.0
893,2015/5/8 5:00:00,17.5,0.0,1008.6,87.0
894,2015/5/8 6:00:00,18.1,0.0,1008.9,85.0
895,2015/5/8 7:00:00,17.7,0.0,1009.2,79.0
896,2015/5/8 8:00:00,19.4,0.0,1009.2,75.0
897,2015/5/8 9:00:00,21.9,0.0,1009.3,62.0
898,2015/5/8 10:00:00,22.8,0.0,1009.4,46.0
899,2015/5/8 11:00:00,24.2,0.0,1009.5,30.0
900,2015/5/8 12:00:00,25.0,0.0,1008.3,46.0
901,2015/5/8 13:00:00,25.0,0.0,1008.2,30.0
902,2015/5/8 14:00:00,25.9,0.0,1008.1,29.0
903,2015/5/8 15:00:00,25.3,0.0,1007.7,35.0
904,2015/5/8 16:00:00,24.9,0.0,1007.9,42.0
905,2015/5/8 17:00:00,23.3,0.0,1007.5,47.0
906,2015/5/8 18:00:00,21.8,0.0,1008.4,55.0
907,2015/5/8 19:00:00,20.6,0.0,1009.2,54.0
908,2015/5/8 20:00:00,19.8,0.0,1010.5,56.0
909,2015/5/8 21:00:00,19.6,0.0,1010.4,66.0
910,2015/5/8 22:00:00,18.8,0.0,1010.4,74.0
911,2015/5/8 23:00:00,18.2,0.0,1010.0,76.0
912,2015/5/9 00:00:00,18.2,0.0,1010.2,76.0
913,2015/5/9 1:00:00,18.1,0.0,1009.7,76.0
914,2015/5/9 2:00:00,18.2,0.0,1009.4,73.0
915,2015/5/9 3:00:00,16.9,0.0,1009.6,84.0
916,2015/5/9 4:00:00,18.1,0.0,1009.7,74.0
917,2015/5/9 5:00:00,17.4,0.0,1009.7,78.0
918,2015/5/9 6:00:00,18.0,0.0,1010.2,77.0
919,2015/5/9 7:00:00,18.8,0.0,1010.2,75.0
920,2015/5/9 8:00:00,18.9,0.0,1009.9,77.0
921,2015/5/9 9:00:00,20.0,0.0,1009.9,73.0
922,2015/5/9 10:00:00,20.2,0.0,1009.7,73.0
923,2015/5/9 11:00:00,20.2,0.0,1009.2,70.0
924,2015/5/9 12:00:00,20.2,0.0,1008.4,71.0
925,2015/5/9 13:00:00,20.6,0.0,1007.8,71.0
926,2015/5/9 14:00:00,20.6,0.0,1007.4,71.0
927,2015/5/9 15:00:00,20.9,0.0,1006.6,68.0
928,2015/5/9 16:00:00,20.6,0.0,1005.9,66.0
929,2015/5/9 17:00:00,20.1,0.0,1005.8,66.0
930,2015/5/9 18:00:00,18.6,0.0,1006.2,75.0
931,2015/5/9 19:00:00,18.2,0.0,1006.6,75.0
932,2015/5/9 20:00:00,18.0,0.0,1007.4,77.0
933,2015/5/9 21:00:00,17.0,0.0,1007.4,89.0
934,2015/5/9 22:00:00,16.9,0.0,1007.1,88.0
935,2015/5/9 23:00:00,16.9,0.0,1006.5,79.0
936,2015/5/10 00:00:00,16.5,0.0,1006.7,84.0
937,2015/5/10 1:00:00,15.8,0.0,1006.4,84.0
938,2015/5/10 2:00:00,15.5,0.0,1006.3,84.0
939,2015/5/10 3:00:00,15.1,0.0,1006.8,86.0
940,2015/5/10 4:00:00,14.5,0.0,1007.1,88.0
941,2015/5/10 5:00:00,13.9,0.0,1007.3,92.0
942,2015/5/10 6:00:00,16.2,0.0,1007.1,82.0
943,2015/5/10 7:00:00,19.0,0.0,1006.9,61.0
944,2015/5/10 8:00:00,20.8,0.0,1007.3,43.0
945,2015/5/10 9:00:00,22.1,0.0,1007.4,36.0
946,2015/5/10 10:00:00,23.7,0.0,1007.5,32.0
947,2015/5/10 11:00:00,24.2,0.0,1007.0,27.0
948,2015/5/10 12:00:00,25.0,0.0,1006.7,24.0
949,2015/5/10 13:00:00,25.6,0.0,1006.7,21.0
950,2015/5/10 14:00:00,26.5,0.0,1006.5,20.0
951,2015/5/10 15:00:00,25.8,0.0,1007.3,20.0
952,2015/5/10 16:00:00,23.9,0.0,1007.7,20.0
953,2015/5/10 17:00:00,22.8,0.0,1009.0,19.0
954,2015/5/10 18:00:00,21.1,0.0,1010.8,21.0
955,2015/5/10 19:00:00,19.4,0.0,1012.0,22.0
956,2015/5/10 20:00:00,18.6,0.0,1013.8,44.0
957,2015/5/10 21:00:00,17.7,0.0,1015.4,26.0
958,2015/5/10 22:00:00,16.3,0.0,1015.5,27.0
959,2015/5/10 23:00:00,15.1,0.0,1016.3,30.0
960,2015/5/11 00:00:00,14.5,0.0,1016.7,29.0
961,2015/5/11 1:00:00,14.5,0.0,1017.4,29.0
962,2015/5/11 2:00:00,13.6,0.0,1018.0,32.0
963,2015/5/11 3:00:00,13.3,0.0,1018.6,34.0
964,2015/5/11 4:00:00,12.7,0.0,1019.1,39.0
965,2015/5/11 5:00:00,12.1,0.0,1019.7,41.0
966,2015/5/11 6:00:00,12.9,0.0,1020.5,42.0
967,2015/5/11 7:00:00,14.1,0.0,1020.7,36.0
968,2015/5/11 8:00:00,15.6,0.0,1020.8,31.0
969,2015/5/11 9:00:00,17.2,0.0,1020.6,27.0
970,2015/5/11 10:00:00,20.4,0.0,1020.8,24.0
971,2015/5/11 11:00:00,20.4,0.0,1020.5,17.0
972,2015/5/11 12:00:00,21.3,0.0,1019.7,19.0
973,2015/5/11 13:00:00,22.2,0.0,1019.5,20.0
974,2015/5/11 14:00:00,22.6,0.0,1019.0,18.0
975,2015/5/11 15:00:00,21.7,0.0,1018.3,21.0
976,2015/5/11 16:00:00,21.3,0.0,1018.4,26.0
977,2015/5/11 17:00:00,19.1,0.0,1018.2,33.0
978,2015/5/11 18:00:00,18.2,0.0,1018.2,35.0
979,2015/5/11 19:00:00,17.3,0.0,1018.6,42.0
980,2015/5/11 20:00:00,16.8,0.0,1018.9,45.0
981,2015/5/11 21:00:00,16.8,0.0,1018.8,49.0
982,2015/5/11 22:00:00,16.6,0.0,1018.0,52.0
983,2015/5/11 23:00:00,16.4,0.0,1017.2,60.0
984,2015/5/12 00:00:00,16.3,0.0,1016.2,59.0
985,2015/5/12 1:00:00,16.3,0.0,1015.5,58.0
986,2015/5/12 2:00:00,16.5,0.0,1015.3,64.0
987,2015/5/12 3:00:00,16.6,0.0,1014.8,64.0
988,2015/5/12 4:00:00,16.9,0.0,1014.2,63.0
989,2015/5/12 5:00:00,16.9,0.0,1013.9,61.0
990,2015/5/12 6:00:00,17.1,0.0,1013.7,73.0
991,2015/5/12 7:00:00,18.6,0.0,1013.1,67.0
992,2015/5/12 8:00:00,20.1,0.0,1012.8,63.0
993,2015/5/12 9:00:00,20.4,0.0,1012.2,66.0
994,2015/5/12 10:00:00,20.9,0.0,1011.6,63.0
995,2015/5/12 11:00:00,21.2,0.0,1010.7,65.0
996,2015/5/12 12:00:00,21.8,0.0,1009.5,65.0
997,2015/5/12 13:00:00,21.2,0.0,1009.6,69.0
998,2015/5/12 14:00:00,21.6,0.0,1008.0,64.0
999,2015/5/12 15:00:00,21.1,0.0,1006.8,70.0
1000,2015/5/12 16:00:00,21.1,0.0,1006.3,73.0
1001,2015/5/12 17:00:00,21.0,0.0,1005.6,75.0
1002,2015/5/12 18:00:00,20.9,0.0,1005.3,75.0
1003,2015/5/12 19:00:00,20.2,0.0,1004.3,82.0
1004,2015/5/12 20:00:00,20.0,0.0,1002.7,89.0
1005,2015/5/12 21:00:00,19.6,10.5,1001.1,96.0
1006,2015/5/12 22:00:00,19.9,11.0,998.2,97.0
1007,2015/5/12 23:00:00,20.4,33.5,996.0,98.0
1008,2015/5/13 00:00:00,21.1,3.5,994.4,96.0
1009,2015/5/13 1:00:00,20.9,0.0,994.2,94.0
1010,2015/5/13 2:00:00,21.0,0.0,994.3,90.0
1011,2015/5/13 3:00:00,20.3,0.0,995.0,84.0
1012,2015/5/13 4:00:00,18.7,0.0,996.0,87.0
1013,2015/5/13 5:00:00,17.5,0.0,997.1,95.0
1014,2015/5/13 6:00:00,18.7,0.0,998.7,76.0
1015,2015/5/13 7:00:00,20.9,0.0,1000.0,62.0
1016,2015/5/13 8:00:00,21.3,0.0,1000.6,56.0
1017,2015/5/13 9:00:00,23.1,0.0,1000.7,42.0
1018,2015/5/13 10:00:00,24.3,0.0,1001.0,40.0
1019,2015/5/13 11:00:00,24.7,0.0,1001.0,44.0
1020,2015/5/13 12:00:00,25.0,0.0,1000.3,41.0
1021,2015/5/13 13:00:00,27.1,0.0,999.7,28.0
1022,2015/5/13 14:00:00,27.1,0.0,999.9,28.0
1023,2015/5/13 15:00:00,27.5,0.0,1000.5,32.0
1024,2015/5/13 16:00:00,26.4,0.0,1001.2,34.0
1025,2015/5/13 17:00:00,25.8,0.0,1002.0,36.0
1026,2015/5/13 18:00:00,24.1,0.0,1002.9,40.0
1027,2015/5/13 19:00:00,22.7,0.0,1003.9,43.0
1028,2015/5/13 20:00:00,22.2,0.0,1005.0,45.0
1029,2015/5/13 21:00:00,21.4,0.0,1005.4,48.0
1030,2015/5/13 22:00:00,20.5,0.0,1005.9,50.0
1031,2015/5/13 23:00:00,20.3,0.0,1006.0,47.0
1032,2015/5/14 00:00:00,19.2,0.0,1006.4,51.0
1033,2015/5/14 1:00:00,20.0,0.0,1006.5,50.0
1034,2015/5/14 2:00:00,19.6,0.0,1006.6,53.0
1035,2015/5/14 3:00:00,19.1,0.0,1007.0,55.0
1036,2015/5/14 4:00:00,17.6,0.0,1007.0,63.0
1037,2015/5/14 5:00:00,19.3,0.0,1007.6,54.0
1038,2015/5/14 6:00:00,19.7,0.0,1008.4,55.0
1039,2015/5/14 7:00:00,22.0,0.0,1008.8,48.0
1040,2015/5/14 8:00:00,23.3,0.0,1008.9,39.0
1041,2015/5/14 9:00:00,25.3,0.0,1009.0,32.0
1042,2015/5/14 10:00:00,26.9,0.0,1008.5,31.0
1043,2015/5/14 11:00:00,26.9,0.0,1008.0,40.0
1044,2015/5/14 12:00:00,27.3,0.0,1007.3,41.0
1045,2015/5/14 13:00:00,27.7,0.0,1006.6,40.0
1046,2015/5/14 14:00:00,27.2,0.0,1005.6,39.0
1047,2015/5/14 15:00:00,28.0,0.0,1005.3,35.0
1048,2015/5/14 16:00:00,26.5,0.0,1005.4,36.0
1049,2015/5/14 17:00:00,24.9,0.0,1005.6,39.0
1050,2015/5/14 18:00:00,24.0,0.0,1005.5,38.0
1051,2015/5/14 19:00:00,23.3,0.0,1005.6,40.0
1052,2015/5/14 20:00:00,22.3,0.0,1005.9,46.0
1053,2015/5/14 21:00:00,21.1,0.0,1006.7,52.0
1054,2015/5/14 22:00:00,20.0,0.0,1007.1,59.0
1055,2015/5/14 23:00:00,20.5,0.0,1007.5,58.0
1056,2015/5/15 00:00:00,21.3,0.0,1007.6,61.0
1057,2015/5/15 1:00:00,21.0,0.0,1007.8,59.0
1058,2015/5/15 2:00:00,19.6,0.0,1008.2,64.0
1059,2015/5/15 3:00:00,20.3,0.0,1009.1,62.0
1060,2015/5/15 4:00:00,19.5,0.0,1009.5,62.0
1061,2015/5/15 5:00:00,19.8,0.0,1010.0,51.0
1062,2015/5/15 6:00:00,20.0,0.0,1009.8,48.0
1063,2015/5/15 7:00:00,20.8,0.0,1010.0,45.0
1064,2015/5/15 8:00:00,22.2,0.0,1010.5,42.0
1065,2015/5/15 9:00:00,23.1,0.0,1010.1,38.0
1066,2015/5/15 10:00:00,25.8,0.0,1009.8,42.0
1067,2015/5/15 11:00:00,26.2,0.0,1009.0,37.0
1068,2015/5/15 12:00:00,26.9,0.0,1008.2,36.0
1069,2015/5/15 13:00:00,26.2,0.0,1007.3,39.0
1070,2015/5/15 14:00:00,25.8,0.0,1006.2,44.0
1071,2015/5/15 15:00:00,24.7,0.0,1005.8,52.0
1072,2015/5/15 16:00:00,24.1,0.0,1005.3,65.0
1073,2015/5/15 17:00:00,24.0,0.0,1005.2,74.0
1074,2015/5/15 18:00:00,23.8,0.0,1005.4,73.0
1075,2015/5/15 19:00:00,22.9,0.0,1005.3,76.0
1076,2015/5/15 20:00:00,22.3,0.0,1005.2,79.0
1077,2015/5/15 21:00:00,21.6,0.0,1005.1,82.0
1078,2015/5/15 22:00:00,21.7,0.0,1005.0,81.0
1079,2015/5/15 23:00:00,21.6,0.0,1004.2,82.0
1080,2015/5/16 00:00:00,21.8,0.0,1003.8,80.0
1081,2015/5/16 1:00:00,21.1,0.0,1002.6,82.0
1082,2015/5/16 2:00:00,21.8,0.0,1001.5,80.0
1083,2015/5/16 3:00:00,21.7,0.0,1000.8,80.0
1084,2015/5/16 4:00:00,21.1,0.0,1000.2,90.0
1085,2015/5/16 5:00:00,20.5,0.5,999.9,96.0
1086,2015/5/16 6:00:00,20.5,1.5,999.8,97.0
1087,2015/5/16 7:00:00,20.7,1.0,999.4,97.0
1088,2015/5/16 8:00:00,19.9,0.0,999.7,97.0
1089,2015/5/16 9:00:00,19.9,0.5,999.5,96.0
1090,2015/5/16 10:00:00,19.8,0.0,999.6,96.0
1091,2015/5/16 11:00:00,20.7,0.0,999.2,87.0
1092,2015/5/16 12:00:00,21.0,0.0,999.5,84.0
1093,2015/5/16 13:00:00,22.1,0.0,999.2,80.0
1094,2015/5/16 14:00:00,22.0,0.0,999.2,72.0
1095,2015/5/16 15:00:00,23.0,0.0,999.5,67.0
1096,2015/5/16 16:00:00,23.0,0.0,1000.5,68.0
1097,2015/5/16 17:00:00,21.9,0.0,1000.6,78.0
1098,2015/5/16 18:00:00,20.8,0.0,1001.4,83.0
1099,2015/5/16 19:00:00,20.0,0.0,1001.8,78.0
1100,2015/5/16 20:00:00,19.9,0.0,1002.0,79.0
1101,2015/5/16 21:00:00,19.6,0.0,1002.2,83.0
1102,2015/5/16 22:00:00,20.0,0.0,1002.4,81.0
1103,2015/5/16 23:00:00,20.3,0.0,1002.5,81.0
1104,2015/5/17 00:00:00,19.8,0.0,1002.2,87.0
1105,2015/5/17 1:00:00,19.3,0.0,1002.3,92.0
1106,2015/5/17 2:00:00,19.3,0.0,1002.3,92.0
1107,2015/5/17 3:00:00,19.7,0.0,1002.7,88.0
1108,2015/5/17 4:00:00,19.4,0.0,1003.0,89.0
1109,2015/5/17 5:00:00,19.3,0.0,1004.3,85.0
1110,2015/5/17 6:00:00,19.5,0.0,1005.4,81.0
1111,2015/5/17 7:00:00,20.3,0.0,1006.3,68.0
1112,2015/5/17 8:00:00,21.3,0.0,1007.1,65.0
1113,2015/5/17 9:00:00,22.9,0.0,1007.3,51.0
1114,2015/5/17 10:00:00,25.2,0.0,1007.0,49.0
1115,2015/5/17 11:00:00,24.8,0.0,1006.7,48.0
1116,2015/5/17 12:00:00,25.7,0.0,1006.3,45.0
1117,2015/5/17 13:00:00,26.2,0.0,1006.3,40.0
1118,2015/5/17 14:00:00,26.7,0.0,1006.2,32.0
1119,2015/5/17 15:00:00,27.2,0.0,1006.0,24.0
1120,2015/5/17 16:00:00,25.8,0.0,1006.3,31.0
1121,2015/5/17 17:00:00,24.3,0.0,1007.3,51.0
1122,2015/5/17 18:00:00,22.7,0.0,1008.3,57.0
1123,2015/5/17 19:00:00,21.7,0.0,1009.3,62.0
1124,2015/5/17 20:00:00,21.1,0.0,1010.1,67.0
1125,2015/5/17 21:00:00,20.7,0.0,1010.5,68.0
1126,2015/5/17 22:00:00,20.5,0.0,1010.7,74.0
1127,2015/5/17 23:00:00,19.7,0.0,1010.6,78.0
1128,2015/5/18 00:00:00,19.5,0.0,1010.8,80.0
1129,2015/5/18 1:00:00,19.1,0.0,1010.5,83.0
1130,2015/5/18 2:00:00,18.8,0.0,1010.3,84.0
1131,2015/5/18 3:00:00,17.7,0.0,1010.8,91.0
1132,2015/5/18 4:00:00,17.9,0.0,1010.9,91.0
1133,2015/5/18 5:00:00,17.8,0.0,1011.4,94.0
1134,2015/5/18 6:00:00,19.3,0.0,1011.7,89.0
1135,2015/5/18 7:00:00,19.6,0.0,1012.3,59.0
1136,2015/5/18 8:00:00,21.3,0.0,1012.5,59.0
1137,2015/5/18 9:00:00,23.0,0.0,1012.1,70.0
1138,2015/5/18 10:00:00,24.5,0.0,1011.7,59.0
1139,2015/5/18 11:00:00,25.8,0.0,1010.7,55.0
1140,2015/5/18 12:00:00,25.8,0.0,1010.0,51.0
1141,2015/5/18 13:00:00,24.2,0.0,1009.2,55.0
1142,2015/5/18 14:00:00,24.4,0.0,1008.8,57.0
1143,2015/5/18 15:00:00,24.1,0.0,1008.4,55.0
1144,2015/5/18 16:00:00,24.0,0.0,1008.3,60.0
1145,2015/5/18 17:00:00,23.2,0.0,1007.7,62.0
1146,2015/5/18 18:00:00,22.5,0.0,1007.7,67.0
1147,2015/5/18 19:00:00,22.2,0.0,1007.5,69.0
1148,2015/5/18 20:00:00,21.9,0.0,1007.3,75.0
1149,2015/5/18 21:00:00,20.5,1.0,1007.6,93.0
1150,2015/5/18 22:00:00,20.4,0.0,1006.7,93.0
1151,2015/5/18 23:00:00,18.7,2.5,1005.7,97.0
1152,2015/5/19 00:00:00,18.5,0.0,1004.0,93.0
1153,2015/5/19 1:00:00,17.3,0.0,1002.8,96.0
1154,2015/5/19 2:00:00,17.6,0.5,1002.1,97.0
1155,2015/5/19 3:00:00,17.0,1.5,1001.4,98.0
1156,2015/5/19 4:00:00,16.7,1.0,1000.1,97.0
1157,2015/5/19 5:00:00,16.9,0.5,999.4,98.0
1158,2015/5/19 6:00:00,17.4,0.0,1000.4,98.0
1159,2015/5/19 7:00:00,17.6,0.5,999.4,97.0
1160,2015/5/19 8:00:00,18.1,0.0,999.7,98.0
1161,2015/5/19 9:00:00,18.1,0.5,1001.0,97.0
1162,2015/5/19 10:00:00,19.1,0.0,1000.5,97.0
1163,2015/5/19 11:00:00,21.0,0.0,1000.2,94.0
1164,2015/5/19 12:00:00,22.6,0.0,999.7,88.0
1165,2015/5/19 13:00:00,23.6,0.0,999.5,85.0
1166,2015/5/19 14:00:00,23.0,0.0,999.6,80.0
1167,2015/5/19 15:00:00,22.5,0.0,999.6,74.0
1168,2015/5/19 16:00:00,21.8,0.0,999.9,84.0
1169,2015/5/19 17:00:00,23.1,0.0,999.7,79.0
1170,2015/5/19 18:00:00,22.2,0.0,999.6,84.0
1171,2015/5/19 19:00:00,21.9,0.0,1000.4,82.0
1172,2015/5/19 20:00:00,21.8,0.0,1001.3,86.0
1173,2015/5/19 21:00:00,21.7,0.0,1002.3,85.0
1174,2015/5/19 22:00:00,21.5,0.0,1002.4,86.0
1175,2015/5/19 23:00:00,21.2,0.0,1002.4,88.0
1176,2015/5/20 00:00:00,20.1,0.0,1002.5,92.0
1177,2015/5/20 1:00:00,19.7,0.0,1001.7,93.0
1178,2015/5/20 2:00:00,19.2,0.0,1001.4,94.0
1179,2015/5/20 3:00:00,18.6,0.0,1001.8,94.0
1180,2015/5/20 4:00:00,18.6,0.0,1001.4,93.0
1181,2015/5/20 5:00:00,19.1,0.0,1001.4,86.0
1182,2015/5/20 6:00:00,19.7,0.0,1001.5,74.0
1183,2015/5/20 7:00:00,20.3,0.0,1001.7,68.0
1184,2015/5/20 8:00:00,21.9,0.0,1001.6,65.0
1185,2015/5/20 9:00:00,23.1,0.0,1001.0,60.0
1186,2015/5/20 10:00:00,23.3,0.0,1000.6,52.0
1187,2015/5/20 11:00:00,25.2,0.0,999.9,49.0
1188,2015/5/20 12:00:00,24.5,0.0,998.9,51.0
1189,2015/5/20 13:00:00,25.4,0.0,997.6,51.0
1190,2015/5/20 14:00:00,25.8,0.0,996.4,49.0
1191,2015/5/20 15:00:00,26.0,0.0,995.5,50.0
1192,2015/5/20 16:00:00,25.8,0.0,995.2,49.0
1193,2015/5/20 17:00:00,25.0,0.0,995.2,56.0
1194,2015/5/20 18:00:00,24.4,0.0,995.5,59.0
1195,2015/5/20 19:00:00,24.1,0.0,995.7,62.0
1196,2015/5/20 20:00:00,23.2,0.0,996.4,72.0
1197,2015/5/20 21:00:00,20.9,0.5,997.1,91.0
1198,2015/5/20 22:00:00,19.9,0.0,997.5,97.0
1199,2015/5/20 23:00:00,20.2,0.0,997.5,97.0
1200,2015/5/21 00:00:00,19.9,0.0,997.2,63.0
1201,2015/5/21 1:00:00,20.0,0.0,997.2,77.0
1202,2015/5/21 2:00:00,19.0,0.0,998.4,61.0
1203,2015/5/21 3:00:00,15.9,1.0,999.1,79.0
1204,2015/5/21 4:00:00,14.2,1.0,999.1,84.0
1205,2015/5/21 5:00:00,13.6,5.0,999.7,95.0
1206,2015/5/21 6:00:00,13.7,1.5,1000.8,94.0
1207,2015/5/21 7:00:00,14.9,0.0,1001.7,78.0
1208,2015/5/21 8:00:00,18.8,0.0,1002.3,49.0
1209,2015/5/21 9:00:00,20.3,0.0,1003.2,35.0
1210,2015/5/21 10:00:00,22.4,0.0,1003.5,35.0
1211,2015/5/21 11:00:00,22.3,0.0,1003.5,28.0
1212,2015/5/21 12:00:00,24.5,0.0,1003.6,28.0
1213,2015/5/21 13:00:00,24.1,0.0,1003.5,25.0
1214,2015/5/21 14:00:00,24.6,0.0,1003.5,24.0
1215,2015/5/21 15:00:00,25.0,0.0,1003.8,23.0
1216,2015/5/21 16:00:00,23.7,0.0,1004.3,26.0
1217,2015/5/21 17:00:00,22.5,0.0,1005.3,40.0
1218,2015/5/21 18:00:00,21.2,0.0,1006.6,45.0
1219,2015/5/21 19:00:00,19.5,0.0,1007.8,54.0
1220,2015/5/21 20:00:00,18.8,0.0,1009.1,61.0
1221,2015/5/21 21:00:00,17.5,0.0,1010.1,68.0
1222,2015/5/21 22:00:00,18.5,0.0,1010.4,64.0
1223,2015/5/21 23:00:00,17.9,0.0,1010.8,66.0
1224,2015/5/22 00:00:00,15.8,0.0,1010.3,80.0
1225,2015/5/22 1:00:00,16.0,0.0,1010.5,79.0
1226,2015/5/22 2:00:00,15.4,0.0,1010.9,80.0
1227,2015/5/22 3:00:00,15.9,0.0,1011.2,78.0
1228,2015/5/22 4:00:00,16.7,0.0,1011.6,81.0
1229,2015/5/22 5:00:00,16.8,0.0,1012.0,77.0
1230,2015/5/22 6:00:00,17.7,0.0,1012.6,72.0
1231,2015/5/22 7:00:00,20.1,0.0,1012.8,65.0
1232,2015/5/22 8:00:00,20.3,0.0,1012.6,59.0
1233,2015/5/22 9:00:00,21.7,0.0,1012.4,58.0
1234,2015/5/22 10:00:00,22.9,0.0,1012.2,59.0
1235,2015/5/22 11:00:00,23.6,0.0,1011.3,42.0
1236,2015/5/22 12:00:00,24.8,0.0,1010.7,37.0
1237,2015/5/22 13:00:00,23.0,0.0,1009.8,53.0
1238,2015/5/22 14:00:00,24.3,0.0,1009.0,45.0
1239,2015/5/22 15:00:00,24.0,0.0,1008.7,42.0
1240,2015/5/22 16:00:00,23.9,0.0,1008.4,45.0
1241,2015/5/22 17:00:00,22.8,0.0,1008.3,50.0
1242,2015/5/22 18:00:00,22.0,0.0,1008.5,46.0
1243,2015/5/22 19:00:00,21.4,0.0,1009.0,47.0
1244,2015/5/22 20:00:00,20.7,0.0,1009.4,51.0
1245,2015/5/22 21:00:00,20.1,0.0,1010.0,55.0
1246,2015/5/22 22:00:00,19.9,0.0,1010.2,59.0
1247,2015/5/22 23:00:00,19.5,0.0,1010.0,60.0
1248,2015/5/23 00:00:00,18.6,0.0,1010.0,64.0
1249,2015/5/23 1:00:00,18.0,0.0,1010.0,67.0
1250,2015/5/23 2:00:00,17.2,0.0,1010.1,72.0
1251,2015/5/23 3:00:00,16.4,0.0,1010.3,77.0
1252,2015/5/23 4:00:00,16.8,0.0,1010.5,74.0
1253,2015/5/23 5:00:00,16.7,0.0,1010.9,76.0
1254,2015/5/23 6:00:00,18.3,0.0,1011.2,70.0
1255,2015/5/23 7:00:00,20.6,0.0,1011.3,54.0
1256,2015/5/23 8:00:00,22.4,0.0,1011.3,50.0
1257,2015/5/23 9:00:00,23.4,0.0,1011.1,44.0
1258,2015/5/23 10:00:00,25.1,0.0,1010.8,35.0
1259,2015/5/23 11:00:00,25.3,0.0,1010.2,44.0
1260,2015/5/23 12:00:00,26.3,0.0,1009.3,47.0
1261,2015/5/23 13:00:00,25.6,0.0,1008.9,43.0
1262,2015/5/23 14:00:00,25.8,0.0,1008.5,45.0
1263,2015/5/23 15:00:00,25.3,0.0,1008.2,50.0
1264,2015/5/23 16:00:00,24.0,0.0,1007.9,55.0
1265,2015/5/23 17:00:00,23.3,0.0,1007.9,48.0
1266,2015/5/23 18:00:00,21.6,0.0,1008.0,64.0
1267,2015/5/23 19:00:00,21.0,0.0,1007.9,69.0
1268,2015/5/23 20:00:00,21.4,0.0,1007.9,55.0
1269,2015/5/23 21:00:00,20.8,0.0,1008.3,57.0
1270,2015/5/23 22:00:00,21.0,0.0,1007.9,56.0
1271,2015/5/23 23:00:00,20.7,0.0,1007.8,58.0
1272,2015/5/24 00:00:00,20.3,0.0,1007.3,59.0
1273,2015/5/24 1:00:00,20.3,0.0,1007.1,57.0
1274,2015/5/24 2:00:00,20.4,0.0,1006.6,54.0
1275,2015/5/24 3:00:00,20.0,0.0,1006.2,58.0
1276,2015/5/24 4:00:00,19.4,0.0,1006.7,62.0
1277,2015/5/24 5:00:00,19.7,0.0,1006.9,67.0
1278,2015/5/24 6:00:00,19.5,0.0,1007.0,70.0
1279,2015/5/24 7:00:00,20.0,0.0,1007.4,66.0
1280,2015/5/24 8:00:00,20.2,0.0,1007.7,65.0
1281,2015/5/24 9:00:00,20.8,0.0,1007.3,56.0
1282,2015/5/24 10:00:00,22.7,0.0,1006.8,52.0
1283,2015/5/24 11:00:00,23.4,0.0,1006.3,46.0
1284,2015/5/24 12:00:00,23.6,0.0,1005.9,40.0
1285,2015/5/24 13:00:00,24.6,0.0,1005.2,40.0
1286,2015/5/24 14:00:00,24.1,0.0,1004.7,38.0
1287,2015/5/24 15:00:00,24.1,0.0,1004.3,44.0
1288,2015/5/24 16:00:00,24.2,0.0,1004.1,50.0
1289,2015/5/24 17:00:00,22.8,0.0,1004.3,57.0
1290,2015/5/24 18:00:00,21.9,0.0,1004.5,66.0
1291,2015/5/24 19:00:00,20.7,0.0,1004.9,70.0
1292,2015/5/24 20:00:00,19.5,0.0,1005.4,77.0
1293,2015/5/24 21:00:00,18.6,0.0,1005.6,80.0
1294,2015/5/24 22:00:00,18.4,0.0,1005.6,82.0
1295,2015/5/24 23:00:00,18.0,0.0,1005.9,83.0
1296,2015/5/25 00:00:00,17.5,0.0,1005.8,88.0
1297,2015/5/25 1:00:00,17.2,0.0,1005.8,92.0
1298,2015/5/25 2:00:00,17.1,0.0,1005.7,93.0
1299,2015/5/25 3:00:00,16.9,0.0,1005.8,92.0
1300,2015/5/25 4:00:00,16.8,0.0,1006.7,93.0
1301,2015/5/25 5:00:00,17.1,0.0,1006.9,87.0
1302,2015/5/25 6:00:00,19.4,0.0,1007.6,77.0
1303,2015/5/25 7:00:00,21.6,0.0,1007.6,64.0
1304,2015/5/25 8:00:00,22.9,0.0,1007.8,60.0
1305,2015/5/25 9:00:00,25.0,0.0,1008.0,54.0
1306,2015/5/25 10:00:00,25.2,0.0,1007.9,52.0
1307,2015/5/25 11:00:00,25.3,0.0,1007.7,51.0
1308,2015/5/25 12:00:00,24.3,0.0,1007.8,50.0
1309,2015/5/25 13:00:00,25.2,0.0,1007.3,47.0
1310,2015/5/25 14:00:00,24.8,0.0,1007.0,48.0
1311,2015/5/25 15:00:00,24.4,0.0,1006.9,55.0
1312,2015/5/25 16:00:00,23.4,0.0,1006.9,57.0
1313,2015/5/25 17:00:00,22.7,0.0,1006.6,62.0
1314,2015/5/25 18:00:00,21.9,0.0,1006.7,68.0
1315,2015/5/25 19:00:00,21.2,0.0,1007.2,70.0
1316,2015/5/25 20:00:00,20.2,0.0,1007.5,75.0
1317,2015/5/25 21:00:00,19.8,0.0,1007.6,75.0
1318,2015/5/25 22:00:00,19.7,0.0,1007.6,73.0
1319,2015/5/25 23:00:00,19.2,0.0,1007.2,73.0
1320,2015/5/26 00:00:00,18.7,0.0,1006.8,73.0
1321,2015/5/26 1:00:00,18.6,0.0,1006.4,71.0
1322,2015/5/26 2:00:00,18.0,0.0,1006.3,69.0
1323,2015/5/26 3:00:00,17.4,0.0,1005.9,73.0
1324,2015/5/26 4:00:00,17.2,0.0,1005.9,76.0
1325,2015/5/26 5:00:00,17.6,0.0,1006.2,75.0
1326,2015/5/26 6:00:00,18.4,0.0,1006.5,67.0
1327,2015/5/26 7:00:00,19.7,0.0,1006.8,62.0
1328,2015/5/26 8:00:00,22.2,0.0,1006.6,61.0
1329,2015/5/26 9:00:00,24.4,0.0,1006.1,59.0
1330,2015/5/26 10:00:00,25.1,0.0,1005.6,42.0
1331,2015/5/26 11:00:00,26.9,0.0,1004.9,40.0
1332,2015/5/26 12:00:00,28.3,0.0,1004.0,32.0
1333,2015/5/26 13:00:00,29.4,0.0,1003.5,21.0
1334,2015/5/26 14:00:00,30.7,0.0,1003.0,17.0
1335,2015/5/26 15:00:00,30.7,0.0,1002.6,23.0
1336,2015/5/26 16:00:00,27.4,0.0,1002.9,29.0
1337,2015/5/26 17:00:00,27.5,0.0,1003.4,28.0
1338,2015/5/26 18:00:00,25.4,0.0,1003.7,47.0
1339,2015/5/26 19:00:00,23.7,0.0,1004.3,53.0
1340,2015/5/26 20:00:00,23.6,0.0,1004.6,53.0
1341,2015/5/26 21:00:00,22.6,0.0,1005.0,59.0
1342,2015/5/26 22:00:00,22.4,0.0,1005.3,63.0
1343,2015/5/26 23:00:00,21.2,0.0,1005.6,70.0
1344,2015/5/27 00:00:00,20.4,0.0,1005.6,75.0
1345,2015/5/27 1:00:00,19.4,0.0,1005.7,79.0
1346,2015/5/27 2:00:00,19.5,0.0,1005.8,80.0
1347,2015/5/27 3:00:00,20.8,0.0,1005.8,54.0
1348,2015/5/27 4:00:00,19.7,0.0,1006.3,61.0
1349,2015/5/27 5:00:00,20.4,0.0,1006.6,56.0
1350,2015/5/27 6:00:00,20.7,0.0,1007.5,54.0
1351,2015/5/27 7:00:00,22.6,0.0,1007.6,43.0
1352,2015/5/27 8:00:00,24.7,0.0,1007.5,34.0
1353,2015/5/27 9:00:00,26.5,0.0,1007.2,36.0
1354,2015/5/27 10:00:00,27.9,0.0,1007.5,40.0
1355,2015/5/27 11:00:00,28.1,0.0,1007.0,36.0
1356,2015/5/27 12:00:00,28.9,0.0,1006.2,44.0
1357,2015/5/27 13:00:00,28.7,0.0,1006.1,38.0
1358,2015/5/27 14:00:00,28.8,0.0,1005.9,33.0
1359,2015/5/27 15:00:00,28.1,0.0,1006.0,35.0
1360,2015/5/27 16:00:00,27.5,0.0,1006.0,49.0
1361,2015/5/27 17:00:00,26.2,0.0,1006.2,56.0
1362,2015/5/27 18:00:00,25.4,0.0,1006.8,60.0
1363,2015/5/27 19:00:00,24.2,0.0,1007.6,66.0
1364,2015/5/27 20:00:00,23.9,0.0,1008.5,68.0
1365,2015/5/27 21:00:00,22.6,0.0,1009.1,66.0
1366,2015/5/27 22:00:00,20.2,0.0,1009.8,73.0
1367,2015/5/27 23:00:00,19.1,0.0,1010.1,78.0
1368,2015/5/28 00:00:00,19.0,0.0,1010.2,80.0
1369,2015/5/28 1:00:00,18.8,0.0,1010.3,80.0
1370,2015/5/28 2:00:00,18.8,0.0,1010.6,78.0
1371,2015/5/28 3:00:00,18.6,0.0,1011.1,78.0
1372,2015/5/28 4:00:00,18.5,0.0,1011.6,77.0
1373,2015/5/28 5:00:00,18.6,0.0,1011.9,76.0
1374,2015/5/28 6:00:00,19.2,0.0,1012.2,76.0
1375,2015/5/28 7:00:00,19.9,0.0,1012.4,74.0
1376,2015/5/28 8:00:00,20.3,0.0,1012.6,71.0
1377,2015/5/28 9:00:00,22.2,0.0,1012.5,68.0
1378,2015/5/28 10:00:00,22.5,0.0,1012.1,64.0
1379,2015/5/28 11:00:00,23.8,0.0,1011.5,64.0
1380,2015/5/28 12:00:00,24.3,0.0,1011.0,60.0
1381,2015/5/28 13:00:00,24.5,0.0,1010.7,57.0
1382,2015/5/28 14:00:00,26.7,0.0,1010.3,54.0
1383,2015/5/28 15:00:00,25.9,0.0,1010.1,49.0
1384,2015/5/28 16:00:00,25.6,0.0,1010.4,59.0
1385,2015/5/28 17:00:00,25.4,0.0,1010.5,61.0
1386,2015/5/28 18:00:00,24.4,0.0,1010.8,58.0
1387,2015/5/28 19:00:00,23.2,0.0,1011.8,62.0
1388,2015/5/28 20:00:00,22.4,0.0,1012.4,65.0
1389,2015/5/28 21:00:00,21.9,0.0,1012.8,72.0
1390,2015/5/28 22:00:00,21.8,0.0,1013.0,72.0
1391,2015/5/28 23:00:00,21.3,0.0,1012.7,75.0
1392,2015/5/29 00:00:00,21.5,0.0,1012.0,74.0
1393,2015/5/29 1:00:00,21.1,0.0,1011.5,77.0
1394,2015/5/29 2:00:00,21.2,0.0,1011.0,76.0
1395,2015/5/29 3:00:00,21.3,0.0,1010.8,73.0
1396,2015/5/29 4:00:00,20.7,0.0,1010.7,74.0
1397,2015/5/29 5:00:00,21.1,0.0,1010.5,77.0
1398,2015/5/29 6:00:00,21.1,0.0,1010.5,77.0
1399,2015/5/29 7:00:00,21.4,0.0,1010.6,76.0
1400,2015/5/29 8:00:00,21.8,0.0,1010.3,71.0
1401,2015/5/29 9:00:00,22.0,0.0,1009.7,73.0
1402,2015/5/29 10:00:00,22.3,0.0,1009.4,65.0
1403,2015/5/29 11:00:00,22.3,0.0,1008.7,65.0
1404,2015/5/29 12:00:00,22.7,0.0,1007.4,67.0
1405,2015/5/29 13:00:00,20.7,0.0,1006.8,86.0
1406,2015/5/29 14:00:00,19.9,0.5,1006.0,93.0
1407,2015/5/29 15:00:00,20.2,0.5,1004.5,92.0
1408,2015/5/29 16:00:00,20.3,0.0,1003.9,91.0
1409,2015/5/29 17:00:00,20.4,0.0,1003.9,93.0
1410,2015/5/29 18:00:00,20.4,1.0,1003.6,95.0
1411,2015/5/29 19:00:00,20.5,0.0,1003.5,94.0
1412,2015/5/29 20:00:00,19.9,1.0,1003.7,96.0
1413,2015/5/29 21:00:00,19.7,1.5,1003.9,97.0
1414,2015/5/29 22:00:00,19.3,2.0,1003.5,97.0
1415,2015/5/29 23:00:00,18.6,2.5,1003.1,96.0
1416,2015/5/30 00:00:00,18.6,0.0,1002.4,95.0
1417,2015/5/30 1:00:00,18.8,0.0,1001.6,97.0
1418,2015/5/30 2:00:00,19.1,0.0,1001.3,94.0
1419,2015/5/30 3:00:00,19.1,0.0,1001.2,89.0
1420,2015/5/30 4:00:00,19.3,0.0,1001.2,85.0
1421,2015/5/30 5:00:00,19.0,0.0,1001.3,84.0
1422,2015/5/30 6:00:00,19.9,0.0,1001.0,78.0
1423,2015/5/30 7:00:00,21.3,0.0,1001.1,74.0
1424,2015/5/30 8:00:00,23.3,0.0,1000.8,61.0
1425,2015/5/30 9:00:00,25.0,0.0,1000.4,57.0
1426,2015/5/30 10:00:00,25.8,0.0,999.9,52.0
1427,2015/5/30 11:00:00,26.6,0.0,999.0,46.0
1428,2015/5/30 12:00:00,29.0,0.0,998.2,40.0
1429,2015/5/30 13:00:00,27.9,0.0,997.4,47.0
1430,2015/5/30 14:00:00,28.5,0.0,997.1,45.0
1431,2015/5/30 15:00:00,27.4,0.0,996.7,50.0
1432,2015/5/30 16:00:00,26.7,0.0,996.6,56.0
1433,2015/5/30 17:00:00,26.1,0.0,996.5,54.0
1434,2015/5/30 18:00:00,24.5,0.0,996.6,64.0
1435,2015/5/30 19:00:00,22.7,0.0,996.7,75.0
1436,2015/5/30 20:00:00,22.6,0.0,997.1,77.0
1437,2015/5/30 21:00:00,22.9,0.0,997.5,76.0
1438,2015/5/30 22:00:00,22.7,0.0,997.5,77.0
1439,2015/5/30 23:00:00,22.3,0.0,997.6,80.0
1440,2015/5/31 00:00:00,22.0,0.0,997.4,82.0
1441,2015/5/31 1:00:00,21.8,0.0,997.2,86.0
1442,2015/5/31 2:00:00,21.3,0.0,996.8,87.0
1443,2015/5/31 3:00:00,21.6,0.0,996.6,86.0
1444,2015/5/31 4:00:00,21.5,0.0,996.6,87.0
1445,2015/5/31 5:00:00,20.9,0.0,996.8,91.0
1446,2015/5/31 6:00:00,22.2,0.0,997.3,86.0
1447,2015/5/31 7:00:00,24.5,0.0,997.6,70.0
1448,2015/5/31 8:00:00,25.7,0.0,998.3,64.0
1449,2015/5/31 9:00:00,27.7,0.0,998.7,57.0
1450,2015/5/31 10:00:00,28.6,0.0,999.1,53.0
1451,2015/5/31 11:00:00,29.0,0.0,999.1,44.0
1452,2015/5/31 12:00:00,30.6,0.0,998.9,33.0
1453,2015/5/31 13:00:00,30.9,0.0,999.2,29.0
1454,2015/5/31 14:00:00,31.9,0.0,999.0,31.0
1455,2015/5/31 15:00:00,31.5,0.0,999.4,25.0
1456,2015/5/31 16:00:00,31.4,0.0,999.8,23.0
1457,2015/5/31 17:00:00,27.6,0.0,1000.9,55.0
1458,2015/5/31 18:00:00,25.5,0.0,1002.1,56.0
1459,2015/5/31 19:00:00,24.3,0.0,1003.1,60.0
1460,2015/5/31 20:00:00,23.8,0.0,1004.3,60.0
1461,2015/5/31 21:00:00,23.5,0.0,1005.1,59.0
1462,2015/5/31 22:00:00,23.6,0.0,1005.8,54.0
1463,2015/5/31 23:00:00,23.3,0.0,1006.0,53.0
1464,2015/6/1 00:00:00,23.2,0.0,1006.4,56.0
1465,2015/6/1 1:00:00,23.0,0.0,1006.6,62.0
1466,2015/6/1 2:00:00,22.1,0.0,1007.2,66.0
1467,2015/6/1 3:00:00,21.4,0.0,1007.4,68.0
1468,2015/6/1 4:00:00,21.3,0.0,1008.0,59.0
1469,2015/6/1 5:00:00,21.5,0.0,1008.1,47.0
1470,2015/6/1 6:00:00,20.8,0.0,1008.7,52.0
1471,2015/6/1 7:00:00,21.9,0.0,1009.3,44.0
1472,2015/6/1 8:00:00,22.6,0.0,1009.6,40.0
1473,2015/6/1 9:00:00,24.1,0.0,1009.4,40.0
1474,2015/6/1 10:00:00,25.3,0.0,1009.5,43.0
1475,2015/6/1 11:00:00,25.3,0.0,1009.6,35.0
1476,2015/6/1 12:00:00,26.1,0.0,1009.6,37.0
1477,2015/6/1 13:00:00,26.3,0.0,1009.2,38.0
1478,2015/6/1 14:00:00,26.8,0.0,1009.1,37.0
1479,2015/6/1 15:00:00,26.4,0.0,1008.6,40.0
1480,2015/6/1 16:00:00,26.1,0.0,1008.7,40.0
1481,2015/6/1 17:00:00,25.7,0.0,1008.7,48.0
1482,2015/6/1 18:00:00,24.8,0.0,1009.3,52.0
1483,2015/6/1 19:00:00,23.9,0.0,1010.2,54.0
1484,2015/6/1 20:00:00,22.8,0.0,1010.6,60.0
1485,2015/6/1 21:00:00,22.5,0.0,1011.0,63.0
1486,2015/6/1 22:00:00,21.8,0.0,1011.0,68.0
1487,2015/6/1 23:00:00,21.6,0.0,1011.0,68.0
1488,2015/6/2 00:00:00,21.4,0.0,1010.4,59.0
1489,2015/6/2 1:00:00,21.3,0.0,1009.9,59.0
1490,2015/6/2 2:00:00,20.9,0.0,1010.1,68.0
1491,2015/6/2 3:00:00,20.5,0.0,1010.2,63.0
1492,2015/6/2 4:00:00,20.4,0.0,1010.2,69.0
1493,2015/6/2 5:00:00,20.2,0.0,1010.7,74.0
1494,2015/6/2 6:00:00,21.1,0.0,1011.1,72.0
1495,2015/6/2 7:00:00,23.3,0.0,1010.8,63.0
1496,2015/6/2 8:00:00,23.8,0.0,1010.6,62.0
1497,2015/6/2 9:00:00,25.6,0.0,1010.1,57.0
1498,2015/6/2 10:00:00,26.0,0.0,1009.8,56.0
1499,2015/6/2 11:00:00,26.3,0.0,1009.5,50.0
1500,2015/6/2 12:00:00,27.6,0.0,1008.5,45.0
1501,2015/6/2 13:00:00,27.1,0.0,1007.7,46.0
1502,2015/6/2 14:00:00,25.0,0.0,1007.4,62.0
1503,2015/6/2 15:00:00,25.2,0.0,1006.6,64.0
1504,2015/6/2 16:00:00,24.6,0.0,1006.9,66.0
1505,2015/6/2 17:00:00,24.3,0.0,1006.9,70.0
1506,2015/6/2 18:00:00,22.9,0.0,1006.5,78.0
1507,2015/6/2 19:00:00,22.6,0.0,1006.2,78.0
1508,2015/6/2 20:00:00,22.7,0.0,1006.1,77.0
1509,2015/6/2 21:00:00,23.2,0.0,1006.1,71.0
1510,2015/6/2 22:00:00,22.9,0.0,1005.9,72.0
1511,2015/6/2 23:00:00,22.9,0.0,1005.6,72.0
1512,2015/6/3 00:00:00,22.8,0.0,1004.8,75.0
1513,2015/6/3 1:00:00,22.5,0.0,1003.8,76.0
1514,2015/6/3 2:00:00,22.5,0.0,1003.0,78.0
1515,2015/6/3 3:00:00,22.0,0.0,1002.4,82.0
1516,2015/6/3 4:00:00,21.8,0.0,1002.0,83.0
1517,2015/6/3 5:00:00,21.9,0.0,1001.3,81.0
1518,2015/6/3 6:00:00,21.6,0.0,1001.2,86.0
1519,2015/6/3 7:00:00,21.1,0.0,1000.9,93.0
1520,2015/6/3 8:00:00,21.1,3.0,1000.2,96.0
1521,2015/6/3 9:00:00,21.5,3.0,999.0,96.0
1522,2015/6/3 10:00:00,21.1,4.5,998.0,97.0
1523,2015/6/3 11:00:00,20.3,2.5,997.5,97.0
1524,2015/6/3 12:00:00,21.1,2.5,996.6,96.0
1525,2015/6/3 13:00:00,21.2,0.0,995.4,94.0
1526,2015/6/3 14:00:00,22.0,0.5,995.3,92.0
1527,2015/6/3 15:00:00,22.4,0.0,995.2,83.0
1528,2015/6/3 16:00:00,22.3,0.0,994.9,89.0
1529,2015/6/3 17:00:00,22.1,0.0,995.4,88.0
1530,2015/6/3 18:00:00,21.4,0.0,995.5,92.0
1531,2015/6/3 19:00:00,21.4,0.0,995.4,90.0
1532,2015/6/3 20:00:00,21.7,0.0,995.2,90.0
1533,2015/6/3 21:00:00,22.2,0.0,995.8,84.0
1534,2015/6/3 22:00:00,22.2,0.0,996.1,83.0
1535,2015/6/3 23:00:00,21.7,0.0,996.7,87.0
1536,2015/6/4 00:00:00,20.7,0.0,996.8,94.0
1537,2015/6/4 1:00:00,21.4,0.0,997.0,77.0
1538,2015/6/4 2:00:00,20.7,0.0,997.8,49.0
1539,2015/6/4 3:00:00,19.9,0.0,998.2,44.0
1540,2015/6/4 4:00:00,19.2,0.0,998.9,44.0
1541,2015/6/4 5:00:00,18.9,0.0,999.6,40.0
1542,2015/6/4 6:00:00,19.4,0.0,999.9,41.0
1543,2015/6/4 7:00:00,20.9,0.0,1000.4,37.0
1544,2015/6/4 8:00:00,22.0,0.0,1000.1,30.0
1545,2015/6/4 9:00:00,23.7,0.0,999.7,34.0
1546,2015/6/4 10:00:00,25.3,0.0,999.3,28.0
1547,2015/6/4 11:00:00,25.9,0.0,999.4,26.0
1548,2015/6/4 12:00:00,26.9,0.0,999.2,27.0
1549,2015/6/4 13:00:00,27.8,0.0,999.3,25.0
1550,2015/6/4 14:00:00,28.3,0.0,999.9,24.0
1551,2015/6/4 15:00:00,28.2,0.0,1000.1,25.0
1552,2015/6/4 16:00:00,27.9,0.0,1000.8,25.0
1553,2015/6/4 17:00:00,27.0,0.0,1001.5,25.0
1554,2015/6/4 18:00:00,25.2,0.0,1002.3,27.0
1555,2015/6/4 19:00:00,23.1,0.0,1003.7,31.0
1556,2015/6/4 20:00:00,23.0,0.0,1005.0,28.0
1557,2015/6/4 21:00:00,20.8,0.0,1005.9,34.0
1558,2015/6/4 22:00:00,20.4,0.0,1006.2,34.0
1559,2015/6/4 23:00:00,19.8,0.0,1006.7,36.0
1560,2015/6/5 00:00:00,19.0,0.0,1007.0,38.0
1561,2015/6/5 1:00:00,18.9,0.0,1007.1,39.0
1562,2015/6/5 2:00:00,18.5,0.0,1007.3,38.0
1563,2015/6/5 3:00:00,18.1,0.0,1007.6,40.0
1564,2015/6/5 4:00:00,16.4,0.0,1008.2,52.0
1565,2015/6/5 5:00:00,17.7,0.0,1008.2,44.0
1566,2015/6/5 6:00:00,18.3,0.0,1008.6,43.0
1567,2015/6/5 7:00:00,20.1,0.0,1008.6,46.0
1568,2015/6/5 8:00:00,22.1,0.0,1008.6,36.0
1569,2015/6/5 9:00:00,21.5,0.0,1008.5,47.0
1570,2015/6/5 10:00:00,21.8,0.0,1008.4,50.0
1571,2015/6/5 11:00:00,21.9,0.0,1008.2,52.0
1572,2015/6/5 12:00:00,22.1,0.0,1008.0,54.0
1573,2015/6/5 13:00:00,21.3,0.0,1007.6,62.0
1574,2015/6/5 14:00:00,21.4,0.0,1007.5,65.0
1575,2015/6/5 15:00:00,21.0,0.0,1006.7,68.0
1576,2015/6/5 16:00:00,21.3,0.0,1006.3,65.0
1577,2015/6/5 17:00:00,18.4,0.5,1007.1,94.0
1578,2015/6/5 18:00:00,18.8,1.5,1006.3,90.0
1579,2015/6/5 19:00:00,16.6,4.0,1006.9,95.0
1580,2015/6/5 20:00:00,15.0,4.5,1008.0,95.0
1581,2015/6/5 21:00:00,15.1,5.0,1007.3,97.0
1582,2015/6/5 22:00:00,14.7,5.5,1006.0,98.0
1583,2015/6/5 23:00:00,14.9,3.5,1004.3,98.0
1584,2015/6/6 00:00:00,14.8,2.5,1005.0,98.0
1585,2015/6/6 1:00:00,14.8,6.0,1002.7,97.0
1586,2015/6/6 2:00:00,14.6,4.0,1002.0,96.0
1587,2015/6/6 3:00:00,13.9,6.5,1001.6,97.0
1588,2015/6/6 4:00:00,13.5,6.0,1000.4,97.0
1589,2015/6/6 5:00:00,13.8,0.0,1000.2,97.0
1590,2015/6/6 6:00:00,14.3,0.5,1000.7,97.0
1591,2015/6/6 7:00:00,14.6,0.5,1001.7,97.0
1592,2015/6/6 8:00:00,16.3,0.0,1001.9,92.0
1593,2015/6/6 9:00:00,17.8,0.0,1002.4,79.0
1594,2015/6/6 10:00:00,19.7,0.0,1003.2,70.0
1595,2015/6/6 11:00:00,21.3,0.0,1003.9,61.0
1596,2015/6/6 12:00:00,22.4,0.0,1004.4,54.0
1597,2015/6/6 13:00:00,23.1,0.0,1005.1,57.0
1598,2015/6/6 14:00:00,21.0,0.0,1005.9,66.0
1599,2015/6/6 15:00:00,21.5,0.0,1006.4,67.0
1600,2015/6/6 16:00:00,20.6,0.0,1007.4,70.0
1601,2015/6/6 17:00:00,19.8,0.0,1008.7,75.0
1602,2015/6/6 18:00:00,20.1,0.0,1009.9,70.0
1603,2015/6/6 19:00:00,19.4,0.0,1011.1,70.0
1604,2015/6/6 20:00:00,18.8,0.0,1012.1,75.0
1605,2015/6/6 21:00:00,18.3,0.0,1013.4,78.0
1606,2015/6/6 22:00:00,17.3,0.0,1013.4,83.0
1607,2015/6/6 23:00:00,17.9,0.0,1014.2,83.0
1608,2015/6/7 00:00:00,17.2,0.0,1014.1,82.0
1609,2015/6/7 1:00:00,16.4,0.0,1014.0,86.0
1610,2015/6/7 2:00:00,16.7,0.0,1014.4,86.0
1611,2015/6/7 3:00:00,17.3,0.0,1014.7,89.0
1612,2015/6/7 4:00:00,17.4,0.0,1015.2,87.0
1613,2015/6/7 5:00:00,17.5,0.0,1015.8,84.0
1614,2015/6/7 6:00:00,18.3,0.0,1016.6,81.0
1615,2015/6/7 7:00:00,20.1,0.0,1016.7,67.0
1616,2015/6/7 8:00:00,20.6,0.0,1016.8,59.0
1617,2015/6/7 9:00:00,23.1,0.0,1016.8,59.0
1618,2015/6/7 10:00:00,22.9,0.0,1016.7,51.0
1619,2015/6/7 11:00:00,24.3,0.0,1016.5,48.0
1620,2015/6/7 12:00:00,24.3,0.0,1016.1,47.0
1621,2015/6/7 13:00:00,23.7,0.0,1015.5,49.0
1622,2015/6/7 14:00:00,24.0,0.0,1015.5,50.0
1623,2015/6/7 15:00:00,23.8,0.0,1015.4,52.0
1624,2015/6/7 16:00:00,23.5,0.0,1015.7,48.0
1625,2015/6/7 17:00:00,23.1,0.0,1015.5,47.0
1626,2015/6/7 18:00:00,22.1,0.0,1016.3,58.0
1627,2015/6/7 19:00:00,20.9,0.0,1016.9,65.0
1628,2015/6/7 20:00:00,20.3,0.0,1016.8,64.0
1629,2015/6/7 21:00:00,19.6,0.0,1017.0,71.0
1630,2015/6/7 22:00:00,19.6,0.0,1017.3,70.0
1631,2015/6/7 23:00:00,19.6,0.0,1016.8,72.0
1632,2015/6/8 00:00:00,19.4,0.0,1016.3,72.0
1633,2015/6/8 1:00:00,18.9,0.0,1016.0,76.0
1634,2015/6/8 2:00:00,18.8,0.0,1015.9,77.0
1635,2015/6/8 3:00:00,18.1,0.0,1016.0,80.0
1636,2015/6/8 4:00:00,17.6,0.0,1016.0,82.0
1637,2015/6/8 5:00:00,18.6,0.0,1016.2,84.0
1638,2015/6/8 6:00:00,19.8,0.0,1016.4,76.0
1639,2015/6/8 7:00:00,20.5,0.0,1016.6,72.0
1640,2015/6/8 8:00:00,21.9,0.0,1016.4,70.0
1641,2015/6/8 9:00:00,22.0,0.0,1016.3,65.0
1642,2015/6/8 10:00:00,23.1,0.0,1015.6,57.0
1643,2015/6/8 11:00:00,23.6,0.0,1015.9,49.0
1644,2015/6/8 12:00:00,24.4,0.0,1015.0,48.0
1645,2015/6/8 13:00:00,24.1,0.0,1014.7,53.0
1646,2015/6/8 14:00:00,23.5,0.0,1014.0,58.0
1647,2015/6/8 15:00:00,22.9,0.0,1014.1,60.0
1648,2015/6/8 16:00:00,22.0,0.0,1013.7,58.0
1649,2015/6/8 17:00:00,21.8,0.0,1013.7,62.0
1650,2015/6/8 18:00:00,21.3,0.0,1013.7,63.0
1651,2015/6/8 19:00:00,21.0,0.0,1013.4,65.0
1652,2015/6/8 20:00:00,20.7,0.0,1013.5,70.0
1653,2015/6/8 21:00:00,20.5,0.0,1013.5,72.0
1654,2015/6/8 22:00:00,19.3,0.0,1012.9,83.0
1655,2015/6/8 23:00:00,19.2,0.5,1011.9,86.0
1656,2015/6/9 00:00:00,19.2,0.0,1010.7,87.0
1657,2015/6/9 1:00:00,19.1,0.5,1009.5,91.0
1658,2015/6/9 2:00:00,18.5,1.0,1008.1,92.0
1659,2015/6/9 3:00:00,17.9,3.0,1006.9,97.0
1660,2015/6/9 4:00:00,18.5,4.0,1005.7,97.0
1661,2015/6/9 5:00:00,18.3,6.0,1004.1,98.0
1662,2015/6/9 6:00:00,18.8,8.5,1002.6,98.0
1663,2015/6/9 7:00:00,18.6,7.5,1000.8,98.0
1664,2015/6/9 8:00:00,17.7,2.0,1000.2,98.0
1665,2015/6/9 9:00:00,17.5,0.5,1000.7,97.0
1666,2015/6/9 10:00:00,18.6,0.0,1000.0,92.0
1667,2015/6/9 11:00:00,19.3,0.0,999.7,92.0
1668,2015/6/9 12:00:00,20.2,0.0,999.0,89.0
1669,2015/6/9 13:00:00,20.4,0.0,998.8,86.0
1670,2015/6/9 14:00:00,21.1,0.0,998.5,85.0
1671,2015/6/9 15:00:00,21.4,0.0,997.8,81.0
1672,2015/6/9 16:00:00,21.6,0.0,998.5,84.0
1673,2015/6/9 17:00:00,21.7,0.0,998.8,79.0
1674,2015/6/9 18:00:00,21.2,0.0,999.4,83.0
1675,2015/6/9 19:00:00,20.6,0.0,999.0,90.0
1676,2015/6/9 20:00:00,20.2,0.0,999.5,91.0
1677,2015/6/9 21:00:00,20.6,0.0,1000.3,91.0
1678,2015/6/9 22:00:00,18.9,0.0,1000.7,97.0
1679,2015/6/9 23:00:00,18.6,0.0,1001.1,98.0
1680,2015/6/10 00:00:00,18.8,0.0,1001.4,99.0
1681,2015/6/10 1:00:00,18.8,0.0,1001.9,98.0
1682,2015/6/10 2:00:00,18.4,0.0,1002.1,97.0
1683,2015/6/10 3:00:00,18.0,0.0,1003.2,98.0
1684,2015/6/10 4:00:00,17.6,0.0,1003.9,99.0
1685,2015/6/10 5:00:00,17.8,0.0,1004.5,96.0
1686,2015/6/10 6:00:00,19.9,0.0,1005.3,87.0
1687,2015/6/10 7:00:00,22.3,0.0,1006.1,71.0
1688,2015/6/10 8:00:00,23.4,0.0,1006.6,73.0
1689,2015/6/10 9:00:00,24.0,0.0,1006.4,68.0
1690,2015/6/10 10:00:00,24.4,0.0,1006.4,67.0
1691,2015/6/10 11:00:00,25.4,0.0,1006.0,62.0
1692,2015/6/10 12:00:00,26.3,0.0,1005.6,55.0
1693,2015/6/10 13:00:00,26.9,0.0,1005.1,55.0
1694,2015/6/10 14:00:00,26.9,0.0,1005.0,53.0
1695,2015/6/10 15:00:00,26.7,0.0,1005.0,50.0
1696,2015/6/10 16:00:00,25.6,0.0,1005.3,57.0
1697,2015/6/10 17:00:00,25.3,0.0,1005.6,55.0
1698,2015/6/10 18:00:00,24.3,0.0,1006.1,56.0
1699,2015/6/10 19:00:00,23.3,0.0,1006.6,59.0
1700,2015/6/10 20:00:00,22.3,0.0,1007.4,62.0
1701,2015/6/10 21:00:00,22.1,0.0,1007.7,53.0
1702,2015/6/10 22:00:00,22.0,0.0,1007.9,58.0
1703,2015/6/10 23:00:00,21.2,0.0,1007.8,64.0
1704,2015/6/11 00:00:00,19.8,0.0,1007.5,74.0
1705,2015/6/11 1:00:00,19.5,0.0,1007.2,78.0
1706,2015/6/11 2:00:00,19.2,0.0,1007.7,81.0
1707,2015/6/11 3:00:00,20.1,0.0,1008.0,77.0
1708,2015/6/11 4:00:00,19.3,0.0,1008.4,77.0
1709,2015/6/11 5:00:00,20.1,0.0,1008.5,74.0
1710,2015/6/11 6:00:00,20.7,0.0,1009.1,77.0
1711,2015/6/11 7:00:00,22.3,0.0,1009.0,71.0
1712,2015/6/11 8:00:00,23.3,0.0,1009.5,65.0
1713,2015/6/11 9:00:00,24.4,0.0,1009.1,62.0
1714,2015/6/11 10:00:00,25.6,0.0,1008.7,59.0
1715,2015/6/11 11:00:00,26.9,0.0,1008.4,51.0
1716,2015/6/11 12:00:00,25.7,0.0,1008.1,59.0
1717,2015/6/11 13:00:00,25.7,0.0,1007.3,62.0
1718,2015/6/11 14:00:00,26.0,0.0,1006.7,62.0
1719,2015/6/11 15:00:00,25.7,0.0,1006.1,63.0
1720,2015/6/11 16:00:00,25.2,0.0,1005.8,65.0
1721,2015/6/11 17:00:00,25.4,0.0,1005.4,61.0
1722,2015/6/11 18:00:00,23.9,0.0,1005.9,72.0
1723,2015/6/11 19:00:00,23.0,0.0,1006.1,74.0
1724,2015/6/11 20:00:00,22.9,0.0,1005.8,75.0
1725,2015/6/11 21:00:00,22.4,0.0,1006.1,80.0
1726,2015/6/11 22:00:00,22.0,0.0,1005.8,84.0
1727,2015/6/11 23:00:00,21.8,0.0,1005.6,83.0
1728,2015/6/12 00:00:00,21.3,0.0,1005.1,85.0
1729,2015/6/12 1:00:00,20.5,0.0,1004.6,89.0
1730,2015/6/12 2:00:00,19.7,0.0,1003.9,91.0
1731,2015/6/12 3:00:00,19.3,0.0,1003.2,97.0
1732,2015/6/12 4:00:00,19.4,0.5,1002.7,98.0
1733,2015/6/12 5:00:00,19.5,1.0,1002.4,98.0
1734,2015/6/12 6:00:00,19.9,0.5,1002.8,95.0
1735,2015/6/12 7:00:00,19.7,1.0,1002.8,96.0
1736,2015/6/12 8:00:00,19.9,1.5,1002.6,95.0
1737,2015/6/12 9:00:00,20.7,0.0,1001.9,88.0
1738,2015/6/12 10:00:00,20.7,0.0,1001.9,92.0
1739,2015/6/12 11:00:00,21.2,0.0,1002.0,89.0
1740,2015/6/12 12:00:00,22.5,0.0,1001.4,79.0
1741,2015/6/12 13:00:00,22.5,0.0,1001.5,85.0
1742,2015/6/12 14:00:00,23.5,0.0,1001.0,78.0
1743,2015/6/12 15:00:00,24.0,0.0,1000.5,75.0
1744,2015/6/12 16:00:00,23.5,0.0,1001.1,84.0
1745,2015/6/12 17:00:00,22.9,0.0,1001.0,88.0
1746,2015/6/12 18:00:00,22.8,0.0,1001.6,86.0
1747,2015/6/12 19:00:00,22.5,0.0,1001.7,87.0
1748,2015/6/12 20:00:00,22.5,0.0,1002.3,86.0
1749,2015/6/12 21:00:00,22.2,0.0,1003.2,90.0
1750,2015/6/12 22:00:00,22.1,0.0,1003.9,90.0
1751,2015/6/12 23:00:00,21.5,0.0,1003.8,94.0
1752,2015/6/13 00:00:00,21.6,0.0,1003.7,92.0
1753,2015/6/13 1:00:00,21.4,0.0,1004.4,92.0
1754,2015/6/13 2:00:00,20.9,0.0,1004.7,97.0
1755,2015/6/13 3:00:00,21.1,0.0,1004.7,97.0
1756,2015/6/13 4:00:00,21.1,0.0,1005.6,95.0
1757,2015/6/13 5:00:00,20.9,0.0,1006.5,97.0
1758,2015/6/13 6:00:00,21.7,0.0,1007.1,89.0
1759,2015/6/13 7:00:00,21.9,0.0,1007.4,85.0
1760,2015/6/13 8:00:00,23.0,0.0,1007.7,83.0
1761,2015/6/13 9:00:00,24.1,0.0,1007.7,75.0
1762,2015/6/13 10:00:00,24.7,0.0,1007.4,74.0
1763,2015/6/13 11:00:00,25.9,0.0,1007.2,70.0
1764,2015/6/13 12:00:00,27.6,0.0,1006.5,59.0
1765,2015/6/13 13:00:00,27.6,0.0,1006.1,60.0
1766,2015/6/13 14:00:00,28.1,0.0,1006.3,58.0
1767,2015/6/13 15:00:00,27.5,0.0,1006.1,60.0
1768,2015/6/13 16:00:00,27.4,0.0,1006.1,63.0
1769,2015/6/13 17:00:00,26.6,0.0,1005.8,68.0
1770,2015/6/13 18:00:00,25.6,0.0,1006.6,73.0
1771,2015/6/13 19:00:00,24.5,0.0,1007.3,77.0
1772,2015/6/13 20:00:00,23.9,0.0,1007.8,80.0
1773,2015/6/13 21:00:00,23.6,0.0,1008.0,82.0
1774,2015/6/13 22:00:00,23.1,0.0,1007.7,84.0
1775,2015/6/13 23:00:00,22.4,0.0,1007.5,90.0
1776,2015/6/14 00:00:00,22.3,0.0,1007.4,89.0
1777,2015/6/14 1:00:00,22.5,0.0,1007.2,87.0
1778,2015/6/14 2:00:00,21.8,0.0,1006.9,91.0
1779,2015/6/14 3:00:00,21.7,0.0,1006.9,93.0
1780,2015/6/14 4:00:00,21.6,0.0,1007.8,94.0
1781,2015/6/14 5:00:00,21.9,0.0,1007.8,90.0
1782,2015/6/14 6:00:00,21.1,0.5,1008.8,96.0
1783,2015/6/14 7:00:00,22.4,0.0,1008.6,94.0
1784,2015/6/14 8:00:00,21.6,0.5,1008.8,97.0
1785,2015/6/14 9:00:00,22.1,0.5,1008.3,97.0
1786,2015/6/14 10:00:00,21.9,0.0,1008.7,94.0
1787,2015/6/14 11:00:00,23.5,0.0,1008.6,80.0
1788,2015/6/14 12:00:00,25.4,0.0,1007.8,69.0
1789,2015/6/14 13:00:00,24.8,0.0,1007.5,66.0
1790,2015/6/14 14:00:00,25.3,0.0,1007.2,62.0
1791,2015/6/14 15:00:00,24.5,0.0,1006.7,66.0
1792,2015/6/14 16:00:00,24.1,0.0,1006.1,73.0
1793,2015/6/14 17:00:00,23.5,0.0,1006.1,74.0
1794,2015/6/14 18:00:00,22.7,0.0,1006.3,72.0
1795,2015/6/14 19:00:00,22.2,0.0,1007.1,77.0
1796,2015/6/14 20:00:00,21.5,0.0,1006.7,80.0
1797,2015/6/14 21:00:00,21.1,0.0,1007.1,84.0
1798,2015/6/14 22:00:00,20.9,0.0,1006.7,85.0
1799,2015/6/14 23:00:00,20.9,0.0,1006.8,86.0
1800,2015/6/15 00:00:00,20.5,0.0,1005.9,86.0
1801,2015/6/15 1:00:00,20.4,0.0,1005.6,88.0
1802,2015/6/15 2:00:00,20.3,0.0,1004.9,90.0
1803,2015/6/15 3:00:00,19.9,0.0,1005.2,92.0
1804,2015/6/15 4:00:00,20.0,0.0,1005.9,90.0
1805,2015/6/15 5:00:00,20.1,0.0,1006.2,89.0
1806,2015/6/15 6:00:00,21.9,0.0,1006.3,82.0
1807,2015/6/15 7:00:00,23.5,0.0,1006.5,74.0
1808,2015/6/15 8:00:00,24.6,0.0,1006.7,64.0
1809,2015/6/15 9:00:00,26.8,0.0,1006.6,60.0
1810,2015/6/15 10:00:00,27.7,0.0,1006.4,52.0
1811,2015/6/15 11:00:00,28.9,0.0,1006.3,56.0
1812,2015/6/15 12:00:00,29.1,0.0,1005.9,51.0
1813,2015/6/15 13:00:00,28.9,0.0,1005.5,51.0
1814,2015/6/15 14:00:00,30.1,0.0,1004.9,47.0
1815,2015/6/15 15:00:00,29.6,0.0,1004.3,50.0
1816,2015/6/15 16:00:00,28.8,0.0,1003.9,47.0
1817,2015/6/15 17:00:00,27.7,0.0,1003.7,53.0
1818,2015/6/15 18:00:00,26.0,0.0,1003.6,56.0
1819,2015/6/15 19:00:00,24.9,0.0,1004.0,59.0
1820,2015/6/15 20:00:00,23.8,0.0,1004.9,66.0
1821,2015/6/15 21:00:00,22.2,0.0,1006.0,77.0
1822,2015/6/15 22:00:00,21.8,0.0,1005.6,86.0
1823,2015/6/15 23:00:00,21.7,0.0,1005.6,87.0
1824,2015/6/16 00:00:00,21.0,0.0,1005.4,91.0
1825,2015/6/16 1:00:00,21.1,0.0,1005.3,90.0
1826,2015/6/16 2:00:00,21.6,0.0,1004.8,85.0
1827,2015/6/16 3:00:00,22.2,0.0,1005.1,81.0
1828,2015/6/16 4:00:00,22.1,0.0,1004.5,81.0
1829,2015/6/16 5:00:00,21.6,0.0,1004.8,84.0
1830,2015/6/16 6:00:00,22.1,0.0,1004.5,85.0
1831,2015/6/16 7:00:00,22.9,0.0,1004.2,79.0
1832,2015/6/16 8:00:00,23.7,0.0,1004.1,72.0
1833,2015/6/16 9:00:00,24.4,0.0,1003.6,66.0
1834,2015/6/16 10:00:00,25.4,0.0,1003.3,63.0
1835,2015/6/16 11:00:00,25.4,0.0,1002.9,67.0
1836,2015/6/16 12:00:00,24.8,0.0,1002.1,73.0
1837,2015/6/16 13:00:00,25.6,0.0,1001.6,66.0
1838,2015/6/16 14:00:00,25.9,0.0,1001.1,61.0
1839,2015/6/16 15:00:00,25.4,0.0,1000.4,64.0
1840,2015/6/16 16:00:00,25.0,0.0,1001.0,57.0
1841,2015/6/16 17:00:00,24.4,0.0,1000.5,70.0
1842,2015/6/16 18:00:00,24.1,0.0,1000.7,72.0
1843,2015/6/16 19:00:00,23.4,0.0,1001.2,75.0
1844,2015/6/16 20:00:00,23.0,0.0,1001.5,77.0
1845,2015/6/16 21:00:00,22.3,0.0,1002.5,82.0
1846,2015/6/16 22:00:00,23.0,0.0,1002.7,78.0
1847,2015/6/16 23:00:00,20.2,31.0,1002.7,99.0
1848,2015/6/17 00:00:00,20.3,0.0,1002.4,99.0
1849,2015/6/17 1:00:00,20.3,0.0,1001.9,100.0
1850,2015/6/17 2:00:00,20.2,0.0,1001.7,98.0
1851,2015/6/17 3:00:00,20.1,0.0,1001.8,98.0
1852,2015/6/17 4:00:00,20.1,0.0,1002.1,98.0
1853,2015/6/17 5:00:00,20.0,0.0,1002.3,98.0
1854,2015/6/17 6:00:00,20.4,0.0,1002.6,95.0
1855,2015/6/17 7:00:00,21.4,0.0,1003.1,89.0
1856,2015/6/17 8:00:00,22.7,0.0,1003.2,83.0
1857,2015/6/17 9:00:00,23.8,0.0,1003.2,72.0
1858,2015/6/17 10:00:00,24.4,0.0,1003.3,69.0
1859,2015/6/17 11:00:00,23.7,0.0,1003.4,75.0
1860,2015/6/17 12:00:00,20.9,0.5,1003.5,91.0
1861,2015/6/17 13:00:00,23.2,0.0,1003.3,84.0
1862,2015/6/17 14:00:00,21.2,3.5,1003.5,88.0
1863,2015/6/17 15:00:00,22.6,7.0,1003.2,88.0
1864,2015/6/17 16:00:00,21.8,0.0,1003.5,88.0
1865,2015/6/17 17:00:00,22.0,0.0,1003.6,88.0
1866,2015/6/17 18:00:00,21.6,0.0,1004.3,83.0
1867,2015/6/17 19:00:00,21.3,0.0,1005.1,88.0
1868,2015/6/17 20:00:00,21.7,0.0,1005.6,87.0
1869,2015/6/17 21:00:00,21.8,0.0,1006.6,83.0
1870,2015/6/17 22:00:00,21.5,0.0,1006.8,84.0
1871,2015/6/17 23:00:00,21.0,0.0,1006.8,87.0
1872,2015/6/18 00:00:00,20.6,0.0,1007.0,91.0
1873,2015/6/18 1:00:00,20.6,0.0,1007.0,89.0
1874,2015/6/18 2:00:00,20.7,0.0,1007.0,87.0
1875,2015/6/18 3:00:00,20.2,0.0,1007.0,89.0
1876,2015/6/18 4:00:00,20.4,0.0,1007.4,89.0
1877,2015/6/18 5:00:00,20.4,0.0,1008.3,89.0
1878,2015/6/18 6:00:00,20.7,0.0,1008.4,89.0
1879,2015/6/18 7:00:00,21.4,0.0,1009.0,85.0
1880,2015/6/18 8:00:00,23.4,0.0,1008.9,73.0
1881,2015/6/18 9:00:00,23.3,0.0,1008.8,63.0
1882,2015/6/18 10:00:00,23.2,0.0,1008.5,69.0
1883,2015/6/18 11:00:00,23.7,0.0,1008.5,65.0
1884,2015/6/18 12:00:00,24.6,0.0,1007.9,62.0
1885,2015/6/18 13:00:00,23.2,0.0,1007.9,73.0
1886,2015/6/18 14:00:00,22.1,0.0,1008.1,74.0
1887,2015/6/18 15:00:00,22.5,0.0,1007.7,76.0
1888,2015/6/18 16:00:00,22.7,0.0,1007.6,70.0
1889,2015/6/18 17:00:00,22.3,0.0,1007.9,73.0
1890,2015/6/18 18:00:00,22.4,0.0,1008.4,67.0
1891,2015/6/18 19:00:00,22.2,0.0,1008.8,70.0
1892,2015/6/18 20:00:00,21.9,0.0,1009.1,72.0
1893,2015/6/18 21:00:00,21.8,0.0,1009.6,72.0
1894,2015/6/18 22:00:00,21.2,0.0,1009.7,75.0
1895,2015/6/18 23:00:00,20.9,0.0,1009.3,76.0
1896,2015/6/19 00:00:00,20.8,0.0,1008.9,78.0
1897,2015/6/19 1:00:00,20.3,0.0,1008.3,81.0
1898,2015/6/19 2:00:00,19.4,0.0,1008.0,89.0
1899,2015/6/19 3:00:00,20.0,0.0,1007.9,84.0
1900,2015/6/19 4:00:00,19.3,0.5,1007.8,93.0
1901,2015/6/19 5:00:00,19.3,1.0,1007.9,95.0
1902,2015/6/19 6:00:00,19.4,0.0,1007.6,95.0
1903,2015/6/19 7:00:00,19.4,0.0,1007.6,93.0
1904,2015/6/19 8:00:00,19.0,2.5,1007.5,95.0
1905,2015/6/19 9:00:00,19.2,0.5,1007.2,95.0
1906,2015/6/19 10:00:00,20.1,0.0,1006.4,93.0
1907,2015/6/19 11:00:00,19.9,0.5,1006.0,93.0
1908,2015/6/19 12:00:00,20.3,0.5,1005.2,89.0
1909,2015/6/19 13:00:00,19.6,1.5,1004.5,94.0
1910,2015/6/19 14:00:00,19.7,0.5,1004.4,91.0
1911,2015/6/19 15:00:00,20.0,0.5,1004.2,87.0
1912,2015/6/19 16:00:00,19.5,0.5,1003.9,93.0
1913,2015/6/19 17:00:00,18.5,1.0,1004.0,96.0
1914,2015/6/19 18:00:00,18.3,0.5,1004.1,95.0
1915,2015/6/19 19:00:00,17.6,0.0,1004.5,93.0
1916,2015/6/19 20:00:00,17.9,0.5,1004.9,94.0
1917,2015/6/19 21:00:00,17.9,0.0,1005.2,93.0
1918,2015/6/19 22:00:00,17.9,0.0,1004.8,92.0
1919,2015/6/19 23:00:00,17.9,0.0,1005.1,92.0
1920,2015/6/20 00:00:00,18.0,0.0,1004.6,94.0
1921,2015/6/20 1:00:00,17.9,0.0,1005.0,94.0
1922,2015/6/20 2:00:00,18.0,0.0,1004.7,92.0
1923,2015/6/20 3:00:00,18.1,0.0,1004.8,91.0
1924,2015/6/20 4:00:00,18.2,0.0,1005.6,90.0
1925,2015/6/20 5:00:00,17.9,0.0,1005.6,91.0
1926,2015/6/20 6:00:00,19.0,0.0,1006.0,83.0
1927,2015/6/20 7:00:00,20.1,0.0,1006.4,73.0
1928,2015/6/20 8:00:00,21.1,0.0,1006.5,70.0
1929,2015/6/20 9:00:00,21.3,0.0,1006.4,68.0
1930,2015/6/20 10:00:00,23.3,0.0,1006.2,61.0
1931,2015/6/20 11:00:00,24.0,0.0,1006.3,55.0
1932,2015/6/20 12:00:00,24.9,0.0,1005.8,55.0
1933,2015/6/20 13:00:00,25.3,0.0,1005.4,50.0
1934,2015/6/20 14:00:00,25.5,0.0,1005.4,46.0
1935,2015/6/20 15:00:00,26.5,0.0,1005.3,42.0
1936,2015/6/20 16:00:00,25.5,0.0,1005.5,54.0
1937,2015/6/20 17:00:00,24.9,0.0,1005.1,58.0
1938,2015/6/20 18:00:00,23.2,0.0,1005.7,60.0
1939,2015/6/20 19:00:00,21.9,0.0,1006.4,61.0
1940,2015/6/20 20:00:00,21.1,0.0,1007.2,63.0
1941,2015/6/20 21:00:00,20.8,0.0,1007.4,72.0
1942,2015/6/20 22:00:00,20.8,0.0,1007.4,69.0
1943,2015/6/20 23:00:00,20.7,0.0,1007.0,78.0
1944,2015/6/21 00:00:00,20.7,0.0,1007.2,78.0
1945,2015/6/21 1:00:00,20.3,0.0,1006.8,79.0
1946,2015/6/21 2:00:00,20.0,0.0,1006.8,80.0
1947,2015/6/21 3:00:00,20.7,0.0,1006.8,79.0
1948,2015/6/21 4:00:00,20.6,0.0,1007.1,85.0
1949,2015/6/21 5:00:00,20.5,0.0,1007.5,85.0
1950,2015/6/21 6:00:00,20.5,0.0,1008.0,87.0
1951,2015/6/21 7:00:00,20.7,0.0,1007.8,84.0
1952,2015/6/21 8:00:00,21.4,0.0,1008.4,75.0
1953,2015/6/21 9:00:00,20.8,0.0,1008.2,86.0
1954,2015/6/21 10:00:00,21.8,0.0,1008.3,79.0
1955,2015/6/21 11:00:00,21.8,0.0,1008.1,79.0
1956,2015/6/21 12:00:00,22.2,0.0,1007.9,77.0
1957,2015/6/21 13:00:00,21.7,0.0,1007.8,82.0
1958,2015/6/21 14:00:00,21.9,0.0,1007.6,82.0
1959,2015/6/21 15:00:00,21.8,0.0,1007.4,80.0
1960,2015/6/21 16:00:00,20.8,0.5,1007.5,91.0
1961,2015/6/21 17:00:00,21.2,0.0,1007.4,94.0
1962,2015/6/21 18:00:00,20.6,0.0,1007.7,89.0
1963,2015/6/21 19:00:00,20.4,0.0,1008.0,86.0
1964,2015/6/21 20:00:00,19.4,0.0,1008.2,95.0
1965,2015/6/21 21:00:00,18.4,0.0,1008.7,96.0
1966,2015/6/21 22:00:00,19.2,0.0,1008.8,95.0
1967,2015/6/21 23:00:00,18.8,0.0,1008.7,98.0
1968,2015/6/22 00:00:00,18.8,0.0,1008.6,96.0
1969,2015/6/22 1:00:00,19.4,0.0,1008.6,95.0
1970,2015/6/22 2:00:00,19.5,0.0,1008.6,96.0
1971,2015/6/22 3:00:00,20.2,0.0,1008.8,92.0
1972,2015/6/22 4:00:00,19.5,0.0,1009.2,96.0
1973,2015/6/22 5:00:00,19.8,0.0,1009.5,95.0
1974,2015/6/22 6:00:00,20.5,0.0,1009.8,90.0
1975,2015/6/22 7:00:00,20.8,0.0,1010.2,89.0
1976,2015/6/22 8:00:00,21.2,0.0,1010.2,83.0
1977,2015/6/22 9:00:00,23.6,0.0,1009.9,71.0
1978,2015/6/22 10:00:00,23.9,0.0,1009.6,67.0
1979,2015/6/22 11:00:00,23.9,0.0,1009.6,72.0
1980,2015/6/22 12:00:00,24.9,0.0,1009.2,63.0
1981,2015/6/22 13:00:00,25.4,0.0,1008.9,60.0
1982,2015/6/22 14:00:00,26.4,0.0,1008.8,56.0
1983,2015/6/22 15:00:00,25.8,0.0,1008.5,54.0
1984,2015/6/22 16:00:00,25.6,0.0,1008.6,57.0
1985,2015/6/22 17:00:00,25.0,0.0,1008.6,64.0
1986,2015/6/22 18:00:00,24.3,0.0,1008.9,63.0
1987,2015/6/22 19:00:00,23.0,0.0,1009.4,69.0
1988,2015/6/22 20:00:00,22.5,0.0,1009.8,72.0
1989,2015/6/22 21:00:00,22.3,0.0,1010.2,73.0
1990,2015/6/22 22:00:00,21.8,0.0,1010.3,78.0
1991,2015/6/22 23:00:00,21.5,0.0,1010.3,81.0
1992,2015/6/23 00:00:00,21.3,0.0,1010.0,83.0
1993,2015/6/23 1:00:00,21.0,0.0,1009.8,86.0
1994,2015/6/23 2:00:00,20.6,0.0,1009.6,92.0
1995,2015/6/23 3:00:00,20.5,0.0,1009.8,94.0
1996,2015/6/23 4:00:00,20.6,0.0,1010.1,92.0
1997,2015/6/23 5:00:00,20.6,0.0,1010.3,92.0
1998,2015/6/23 6:00:00,21.9,0.0,1010.3,80.0
1999,2015/6/23 7:00:00,22.9,0.0,1010.5,73.0
2000,2015/6/23 8:00:00,23.9,0.0,1010.3,72.0
2001,2015/6/23 9:00:00,24.3,0.0,1010.1,69.0
2002,2015/6/23 10:00:00,26.1,0.0,1009.9,63.0
2003,2015/6/23 11:00:00,26.0,0.0,1009.5,61.0
2004,2015/6/23 12:00:00,27.1,0.0,1008.8,59.0
2005,2015/6/23 13:00:00,27.8,0.0,1008.3,58.0
2006,2015/6/23 14:00:00,26.6,0.0,1008.1,58.0
2007,2015/6/23 15:00:00,27.2,0.0,1007.6,56.0
2008,2015/6/23 16:00:00,26.4,0.0,1007.2,64.0
2009,2015/6/23 17:00:00,25.6,0.0,1007.6,66.0
2010,2015/6/23 18:00:00,25.0,0.0,1007.8,69.0
2011,2015/6/23 19:00:00,24.3,0.0,1008.6,75.0
2012,2015/6/23 20:00:00,24.0,0.0,1008.9,77.0
2013,2015/6/23 21:00:00,22.2,1.0,1009.9,94.0
2014,2015/6/23 22:00:00,18.8,14.0,1010.9,96.0
2015,2015/6/23 23:00:00,18.8,5.0,1009.2,99.0
2016,2015/6/24 00:00:00,19.3,0.0,1008.9,98.0
2017,2015/6/24 1:00:00,18.4,0.0,1008.3,97.0
2018,2015/6/24 2:00:00,18.6,0.0,1008.1,99.0
2019,2015/6/24 3:00:00,18.2,0.0,1008.1,99.0
2020,2015/6/24 4:00:00,18.2,0.0,1008.2,100.0
2021,2015/6/24 5:00:00,18.2,0.0,1008.6,100.0
2022,2015/6/24 6:00:00,20.2,0.0,1008.8,100.0
2023,2015/6/24 7:00:00,21.4,0.0,1009.2,87.0
2024,2015/6/24 8:00:00,22.9,0.0,1009.2,74.0
2025,2015/6/24 9:00:00,24.8,0.0,1008.9,67.0
2026,2015/6/24 10:00:00,25.7,0.0,1008.5,60.0
2027,2015/6/24 11:00:00,27.0,0.0,1008.0,50.0
2028,2015/6/24 12:00:00,28.0,0.0,1007.5,53.0
2029,2015/6/24 13:00:00,29.1,0.0,1006.9,53.0
2030,2015/6/24 14:00:00,29.3,0.0,1006.5,49.0
2031,2015/6/24 15:00:00,29.0,0.0,1006.2,43.0
2032,2015/6/24 16:00:00,28.9,0.0,1005.9,47.0
2033,2015/6/24 17:00:00,27.5,0.0,1005.9,55.0
2034,2015/6/24 18:00:00,26.4,0.0,1006.2,63.0
2035,2015/6/24 19:00:00,25.2,0.0,1006.5,67.0
2036,2015/6/24 20:00:00,24.4,0.0,1007.3,70.0
2037,2015/6/24 21:00:00,23.5,0.0,1007.7,72.0
2038,2015/6/24 22:00:00,22.5,0.0,1007.8,75.0
2039,2015/6/24 23:00:00,22.7,0.0,1007.7,75.0
2040,2015/6/25 00:00:00,22.2,0.0,1007.6,79.0
2041,2015/6/25 1:00:00,21.3,0.0,1007.2,87.0
2042,2015/6/25 2:00:00,21.0,0.0,1007.0,89.0
2043,2015/6/25 3:00:00,20.9,0.0,1007.2,88.0
2044,2015/6/25 4:00:00,20.7,0.0,1007.1,92.0
2045,2015/6/25 5:00:00,20.9,0.0,1007.1,93.0
2046,2015/6/25 6:00:00,22.9,0.0,1007.2,83.0
2047,2015/6/25 7:00:00,23.7,0.0,1007.2,75.0
2048,2015/6/25 8:00:00,24.3,0.0,1007.3,71.0
2049,2015/6/25 9:00:00,24.6,0.0,1006.9,74.0
2050,2015/6/25 10:00:00,26.3,0.0,1006.5,59.0
2051,2015/6/25 11:00:00,26.9,0.0,1006.1,60.0
2052,2015/6/25 12:00:00,26.6,0.0,1005.6,62.0
2053,2015/6/25 13:00:00,28.2,0.0,1005.1,57.0
2054,2015/6/25 14:00:00,27.3,0.0,1004.7,57.0
2055,2015/6/25 15:00:00,27.4,0.0,1004.3,56.0
2056,2015/6/25 16:00:00,27.0,0.0,1004.0,56.0
2057,2015/6/25 17:00:00,26.5,0.0,1003.7,54.0
2058,2015/6/25 18:00:00,25.8,0.0,1004.2,56.0
2059,2015/6/25 19:00:00,24.8,0.0,1004.6,68.0
2060,2015/6/25 20:00:00,24.1,0.0,1005.1,71.0
2061,2015/6/25 21:00:00,23.4,0.0,1005.4,76.0
2062,2015/6/25 22:00:00,22.4,0.0,1005.4,82.0
2063,2015/6/25 23:00:00,23.0,0.0,1005.4,79.0
2064,2015/6/26 00:00:00,22.7,0.0,1004.7,81.0
2065,2015/6/26 1:00:00,22.3,0.0,1004.5,83.0
2066,2015/6/26 2:00:00,22.1,0.0,1004.2,83.0
2067,2015/6/26 3:00:00,21.5,0.0,1004.3,86.0
2068,2015/6/26 4:00:00,20.9,0.0,1004.4,89.0
2069,2015/6/26 5:00:00,20.8,0.0,1004.4,92.0
2070,2015/6/26 6:00:00,22.6,0.0,1004.7,81.0
2071,2015/6/26 7:00:00,22.7,0.0,1004.7,78.0
2072,2015/6/26 8:00:00,23.1,0.0,1004.5,79.0
2073,2015/6/26 9:00:00,24.5,0.0,1003.8,70.0
2074,2015/6/26 10:00:00,24.4,0.0,1003.6,69.0
2075,2015/6/26 11:00:00,24.9,0.0,1003.1,68.0
2076,2015/6/26 12:00:00,25.0,0.0,1002.6,70.0
2077,2015/6/26 13:00:00,24.4,0.0,1002.3,77.0
2078,2015/6/26 14:00:00,23.8,0.0,1001.7,88.0
2079,2015/6/26 15:00:00,23.5,0.0,1001.5,81.0
2080,2015/6/26 16:00:00,22.5,0.5,1001.1,92.0
2081,2015/6/26 17:00:00,21.8,1.0,1000.7,93.0
2082,2015/6/26 18:00:00,21.7,1.0,1000.9,95.0
2083,2015/6/26 19:00:00,21.0,2.0,1001.4,98.0
2084,2015/6/26 20:00:00,21.2,1.0,1000.5,96.0
2085,2015/6/26 21:00:00,21.0,2.5,1000.6,97.0
2086,2015/6/26 22:00:00,20.9,3.0,999.9,99.0
2087,2015/6/26 23:00:00,20.9,0.0,999.0,98.0
2088,2015/6/27 00:00:00,20.6,2.0,998.4,100.0
2089,2015/6/27 1:00:00,20.7,0.5,997.7,100.0
2090,2015/6/27 2:00:00,20.9,0.0,996.7,100.0
2091,2015/6/27 3:00:00,20.9,0.5,996.4,100.0
2092,2015/6/27 4:00:00,21.0,0.5,996.0,100.0
2093,2015/6/27 5:00:00,21.1,0.0,996.0,100.0
2094,2015/6/27 6:00:00,21.5,0.5,996.3,100.0
2095,2015/6/27 7:00:00,21.7,0.5,995.9,100.0
2096,2015/6/27 8:00:00,21.9,0.0,995.8,100.0
2097,2015/6/27 9:00:00,22.7,0.5,995.5,98.0
2098,2015/6/27 10:00:00,22.8,0.0,995.1,98.0
2099,2015/6/27 11:00:00,23.1,0.0,994.9,95.0
2100,2015/6/27 12:00:00,23.8,0.0,994.0,94.0
2101,2015/6/27 13:00:00,24.3,0.0,992.9,93.0
2102,2015/6/27 14:00:00,23.8,0.0,992.9,93.0
2103,2015/6/27 15:00:00,24.0,0.0,992.5,93.0
2104,2015/6/27 16:00:00,23.9,0.0,992.5,95.0
2105,2015/6/27 17:00:00,23.8,0.0,992.1,92.0
2106,2015/6/27 18:00:00,23.2,0.0,992.1,98.0
2107,2015/6/27 19:00:00,22.7,0.0,992.1,99.0
2108,2015/6/27 20:00:00,22.3,0.0,992.5,100.0
2109,2015/6/27 21:00:00,22.6,0.0,993.2,100.0
2110,2015/6/27 22:00:00,23.0,0.0,993.3,95.0
2111,2015/6/27 23:00:00,22.9,0.0,993.1,96.0
2112,2015/6/28 00:00:00,22.9,0.0,992.9,97.0
2113,2015/6/28 1:00:00,22.3,0.0,993.2,97.0
2114,2015/6/28 2:00:00,21.7,0.0,993.2,98.0
2115,2015/6/28 3:00:00,21.8,0.0,993.3,98.0
2116,2015/6/28 4:00:00,22.3,0.0,994.1,98.0
2117,2015/6/28 5:00:00,21.2,0.0,994.8,88.0
2118,2015/6/28 6:00:00,21.0,0.0,995.2,82.0
2119,2015/6/28 7:00:00,23.4,0.0,995.8,64.0
2120,2015/6/28 8:00:00,24.8,0.0,996.5,59.0
2121,2015/6/28 9:00:00,27.0,0.0,996.5,50.0
2122,2015/6/28 10:00:00,27.6,0.0,996.8,38.0
2123,2015/6/28 11:00:00,29.2,0.0,997.0,43.0
2124,2015/6/28 12:00:00,28.9,0.0,997.1,49.0
2125,2015/6/28 13:00:00,29.6,0.0,996.7,44.0
2126,2015/6/28 14:00:00,27.7,0.0,996.8,55.0
2127,2015/6/28 15:00:00,25.4,0.0,997.8,65.0
2128,2015/6/28 16:00:00,24.3,0.0,998.8,69.0
2129,2015/6/28 17:00:00,22.4,0.0,1000.3,70.0
2130,2015/6/28 18:00:00,21.6,0.0,1001.2,71.0
2131,2015/6/28 19:00:00,20.4,0.0,1002.4,73.0
2132,2015/6/28 20:00:00,19.6,0.0,1003.5,75.0
2133,2015/6/28 21:00:00,19.3,0.0,1004.7,74.0
2134,2015/6/28 22:00:00,18.8,0.0,1005.1,76.0
2135,2015/6/28 23:00:00,18.7,0.0,1005.2,77.0
2136,2015/6/29 00:00:00,18.6,0.0,1005.6,78.0
2137,2015/6/29 1:00:00,18.4,0.0,1005.4,80.0
2138,2015/6/29 2:00:00,18.4,0.0,1005.7,80.0
2139,2015/6/29 3:00:00,18.1,0.0,1006.0,81.0
2140,2015/6/29 4:00:00,18.1,0.0,1006.5,80.0
2141,2015/6/29 5:00:00,18.4,0.0,1007.2,79.0
2142,2015/6/29 6:00:00,18.6,0.0,1007.6,79.0
2143,2015/6/29 7:00:00,19.6,0.0,1007.9,74.0
2144,2015/6/29 8:00:00,22.0,0.0,1007.4,68.0
2145,2015/6/29 9:00:00,21.9,0.0,1007.7,66.0
2146,2015/6/29 10:00:00,23.8,0.0,1007.7,57.0
2147,2015/6/29 11:00:00,22.5,0.0,1007.6,67.0
2148,2015/6/29 12:00:00,24.3,0.0,1007.3,53.0
2149,2015/6/29 13:00:00,24.2,0.0,1007.0,51.0
2150,2015/6/29 14:00:00,25.2,0.0,1006.6,48.0
2151,2015/6/29 15:00:00,25.5,0.0,1006.3,47.0
2152,2015/6/29 16:00:00,24.7,0.0,1006.3,57.0
2153,2015/6/29 17:00:00,23.6,0.0,1006.5,63.0
2154,2015/6/29 18:00:00,22.9,0.0,1006.8,67.0
2155,2015/6/29 19:00:00,22.5,0.0,1007.1,69.0
2156,2015/6/29 20:00:00,21.7,0.0,1007.5,73.0
2157,2015/6/29 21:00:00,21.5,0.0,1008.1,72.0
2158,2015/6/29 22:00:00,20.9,0.0,1008.3,73.0
2159,2015/6/29 23:00:00,20.2,0.0,1008.4,77.0
2160,2015/6/30 00:00:00,20.2,0.0,1007.8,74.0
2161,2015/6/30 1:00:00,20.5,0.0,1006.8,79.0
2162,2015/6/30 2:00:00,20.4,0.0,1006.8,82.0
2163,2015/6/30 3:00:00,20.4,0.0,1006.6,83.0
2164,2015/6/30 4:00:00,20.9,0.0,1006.1,80.0
2165,2015/6/30 5:00:00,20.9,0.0,1005.7,80.0
2166,2015/6/30 6:00:00,21.3,0.0,1006.1,81.0
2167,2015/6/30 7:00:00,21.3,0.0,1005.8,81.0
2168,2015/6/30 8:00:00,22.5,0.0,1005.8,76.0
2169,2015/6/30 9:00:00,23.4,0.0,1005.4,70.0
2170,2015/6/30 10:00:00,23.4,0.0,1004.6,62.0
2171,2015/6/30 11:00:00,24.3,0.0,1004.3,61.0
2172,2015/6/30 12:00:00,25.5,0.0,1003.2,59.0
2173,2015/6/30 13:00:00,25.4,0.0,1001.9,64.0
2174,2015/6/30 14:00:00,25.1,0.0,1000.9,60.0
2175,2015/6/30 15:00:00,25.1,0.0,1000.4,63.0
2176,2015/6/30 16:00:00,24.0,0.0,1000.2,67.0
2177,2015/6/30 17:00:00,23.7,0.0,999.7,69.0
2178,2015/6/30 18:00:00,23.0,0.0,999.8,74.0
2179,2015/6/30 19:00:00,22.8,0.0,999.9,75.0
2180,2015/6/30 20:00:00,22.3,0.0,999.9,78.0
2181,2015/6/30 21:00:00,22.5,0.0,999.9,76.0
2182,2015/6/30 22:00:00,21.3,0.0,999.7,85.0
2183,2015/6/30 23:00:00,20.8,0.0,999.2,90.0
2184,2015/7/1 00:00:00,20.2,0.5,998.3,93.0
